,ZP3_GBM,ZP3_LGG,ZP3_TPM,Project,ZP3_TPM_log2
TCGA-02-0047-01,29.1957,,29.1957,GBM,4.867733410476275
TCGA-02-0055-01,94.7106,,94.7106,GBM,6.5654692284753144
TCGA-02-2483-01,151.6918,,151.6918,GBM,7.245008800403797
TCGA-02-2485-01,105.2381,,105.2381,GBM,6.717527005581503
TCGA-02-2486-01,95.7317,,95.7317,GBM,6.580939893891257
TCGA-06-0125-01,44.673,,44.673,GBM,5.481363530674829
TCGA-06-0125-02,55.0637,,55.0637,GBM,5.78305585006793
TCGA-06-0129-01,28.0193,,28.0193,GBM,4.808400496987119
TCGA-06-0130-01,209.2212,,209.2212,GBM,7.708892129938234
TCGA-06-0132-01,108.8299,,108.8299,GBM,6.765944424189637
TCGA-06-0138-01,94.6786,,94.6786,GBM,6.564981705910932
TCGA-06-0141-01,265.3645,,265.3645,GBM,8.051837008808953
TCGA-06-0152-02,29.2828,,29.2828,GBM,4.872030871372694
TCGA-06-0156-01,208.44,,208.44,GBM,7.703495271032665
TCGA-06-0157-01,56.2127,,56.2127,GBM,5.81284987147915
TCGA-06-0158-01,56.369,,56.369,GBM,5.816855662366487
TCGA-06-0168-01,571.1009,,571.1009,GBM,9.157604374081851
TCGA-06-0171-02,152.4765,,152.4765,GBM,7.252452560100787
TCGA-06-0174-01,52.8946,,52.8946,GBM,5.725075814916859
TCGA-06-0178-01,283.5134,,283.5134,GBM,8.147278202829327
TCGA-06-0184-01,229.2349,,229.2349,GBM,7.840689188041429
TCGA-06-0187-01,37.786,,37.786,GBM,5.239818079033619
TCGA-06-0190-01,98.7457,,98.7457,GBM,6.625660630677774
TCGA-06-0190-02,82.7723,,82.7723,GBM,6.371093570708913
TCGA-06-0210-01,155.6922,,155.6922,GBM,7.282562124939838
TCGA-06-0210-02,133.0743,,133.0743,GBM,7.056099008399757
TCGA-06-0211-01,152.9736,,152.9736,GBM,7.257148316574322
TCGA-06-0211-02,137.6147,,137.6147,GBM,7.104501260251168
TCGA-06-0219-01,152.6668,,152.6668,GBM,7.25425199729922
TCGA-06-0221-02,15.0376,,15.0376,GBM,3.9105983622308065
TCGA-06-0238-01,109.5444,,109.5444,GBM,6.775385094125471
TCGA-06-0644-01,237.2664,,237.2664,GBM,7.8903700809124855
TCGA-06-0645-01,52.0387,,52.0387,GBM,5.701540740076049
TCGA-06-0646-01,129.5863,,129.5863,GBM,7.017780525861379
TCGA-06-0649-01,420.787,,420.787,GBM,8.71694975232475
TCGA-06-0686-01,128.8346,,128.8346,GBM,7.0093874854546065
TCGA-06-0743-01,141.4944,,141.4944,GBM,7.144611341736043
TCGA-06-0744-01,124.7615,,124.7615,GBM,6.96304055671666
TCGA-06-0745-01,341.4213,,341.4213,GBM,8.41541348085487
TCGA-06-0747-01,233.2388,,233.2388,GBM,7.865670180557311
TCGA-06-0749-01,356.2799,,356.2799,GBM,8.476871333324848
TCGA-06-0750-01,233.5725,,233.5725,GBM,7.867732792814283
TCGA-06-0878-01,127.1907,,127.1907,GBM,6.990860719205723
TCGA-06-0882-01,100.9926,,100.9926,GBM,6.65812006155563
TCGA-06-1804-01,61.3751,,61.3751,GBM,5.939605070939114
TCGA-06-2557-01,71.9676,,71.9676,GBM,6.169295688869957
TCGA-06-2558-01,129.6111,,129.6111,GBM,7.0180565977745335
TCGA-06-2559-01,26.2329,,26.2329,GBM,4.713360393241799
TCGA-06-2561-01,68.6873,,68.6873,GBM,6.101992473850946
TCGA-06-2562-01,59.2387,,59.2387,GBM,5.888492429477523
TCGA-06-2563-01,30.2065,,30.2065,GBM,4.916834885148299
TCGA-06-2564-01,336.7889,,336.7889,GBM,8.39570506381324
TCGA-06-2565-01,52.2789,,52.2789,GBM,5.708184476463668
TCGA-06-2567-01,244.0081,,244.0081,GBM,7.930791141989376
TCGA-06-2569-01,14.8012,,14.8012,GBM,3.887739709472209
TCGA-06-2570-01,101.0322,,101.0322,GBM,6.658685637255002
TCGA-06-5408-01,134.0607,,134.0607,GBM,7.066753323271933
TCGA-06-5410-01,101.6262,,101.6262,GBM,6.667142773511539
TCGA-06-5411-01,173.7385,,173.7385,GBM,7.440781980527899
TCGA-06-5412-01,88.8871,,88.8871,GBM,6.473918384357106
TCGA-06-5413-01,551.0301,,551.0301,GBM,9.10598993606587
TCGA-06-5414-01,190.4865,,190.4865,GBM,7.573552519358448
TCGA-06-5415-01,61.8379,,61.8379,GBM,5.950442751493921
TCGA-06-5416-01,383.038,,383.038,GBM,8.58134748072944
TCGA-06-5417-01,91.6031,,91.6031,GBM,6.517340266542478
TCGA-06-5418-01,87.3468,,87.3468,GBM,6.448699461806616
TCGA-06-5856-01,88.7835,,88.7835,GBM,6.4722359277129735
TCGA-06-5858-01,64.1431,,64.1431,GBM,6.003244666637343
TCGA-06-5859-01,92.6886,,92.6886,GBM,6.5343355689038845
TCGA-08-0386-01,262.4055,,262.4055,GBM,8.035659646779582
TCGA-12-0616-01,138.6549,,138.6549,GBM,7.115365196124292
TCGA-12-0618-01,601.7321,,601.7321,GBM,9.232979908171925
TCGA-12-0619-01,551.4181,,551.4181,GBM,9.107005429915798
TCGA-12-0821-01,133.8805,,133.8805,GBM,7.064812809867873
TCGA-12-1597-01,392.833,,392.833,GBM,8.617775990885086
TCGA-12-3650-01,44.0068,,44.0068,GBM,5.459687346455704
TCGA-12-3652-01,165.1671,,165.1671,GBM,7.367791266267064
TCGA-12-3653-01,54.6991,,54.6991,GBM,5.7734715653708655
TCGA-12-5295-01,365.0097,,365.0097,GBM,8.511794945851424
TCGA-12-5299-01,186.8734,,186.8734,GBM,7.545925137013686
TCGA-14-0736-02,422.4915,,422.4915,GBM,8.722781920971096
TCGA-14-0781-01,124.591,,124.591,GBM,6.96106762626779
TCGA-14-0787-01,317.1263,,317.1263,GBM,8.30891826740351
TCGA-14-0789-01,161.693,,161.693,GBM,7.3371223353095765
TCGA-14-0790-01,561.0922,,561.0922,GBM,9.13209661838075
TCGA-14-0817-01,377.3437,,377.3437,GBM,8.55973920073257
TCGA-14-1034-01,96.8402,,96.8402,GBM,6.597549051375418
TCGA-14-1034-02,54.4356,,54.4356,GBM,5.766505056727082
TCGA-14-1402-02,48.2612,,48.2612,GBM,5.592821776225281
TCGA-14-1823-01,60.015,,60.015,GBM,5.9072752629993825
TCGA-14-1825-01,57.893,,57.893,GBM,5.855341933278341
TCGA-14-1829-01,278.3148,,278.3148,GBM,8.12057900262897
TCGA-14-2554-01,48.6982,,48.6982,GBM,5.605826167697803
TCGA-15-0742-01,170.9158,,170.9158,GBM,7.417150401215139
TCGA-15-1444-01,181.6133,,181.6133,GBM,7.504733992221046
TCGA-16-0846-01,58.4527,,58.4527,GBM,5.869222442188458
TCGA-16-1045-01,70.2741,,70.2741,GBM,6.134941696419362
TCGA-19-0957-02,52.7808,,52.7808,GBM,5.721968646134972
TCGA-19-1389-02,252.8922,,252.8922,GBM,7.982384434928621
TCGA-19-1390-01,86.2929,,86.2929,GBM,6.431186675719313
TCGA-19-1787-01,73.273,,73.273,GBM,6.1952294688921095
TCGA-19-2619-01,48.0025,,48.0025,GBM,5.585067693399451
TCGA-19-2620-01,81.5018,,81.5018,GBM,6.348777718362674
TCGA-19-2624-01,64.3631,,64.3631,GBM,6.008184323703056
TCGA-19-2625-01,69.6545,,69.6545,GBM,6.122165367447555
TCGA-19-2629-01,57.3486,,57.3486,GBM,5.841711518704246
TCGA-19-4065-01,64.6918,,64.6918,GBM,6.015533250964385
TCGA-19-4065-02,47.2874,,47.2874,GBM,5.5634144240141055
TCGA-19-5960-01,241.3388,,241.3388,GBM,7.914922043694672
TCGA-26-1442-01,58.2066,,58.2066,GBM,5.863135628888259
TCGA-26-5132-01,346.0874,,346.0874,GBM,8.434996776632223
TCGA-26-5133-01,32.1043,,32.1043,GBM,5.0047395745574
TCGA-26-5134-01,239.7541,,239.7541,GBM,7.905417693929297
TCGA-26-5135-01,214.1835,,214.1835,GBM,7.742710269385549
TCGA-26-5136-01,86.4555,,86.4555,GBM,6.433902527988525
TCGA-26-5139-01,181.4367,,181.4367,GBM,7.503330446920009
TCGA-27-1830-01,118.3594,,118.3594,GBM,6.887042667027859
TCGA-27-1831-01,352.9523,,352.9523,GBM,8.463333499856443
TCGA-27-1832-01,207.6098,,207.6098,GBM,7.6977376850175645
TCGA-27-1834-01,274.9806,,274.9806,GBM,8.103191275768886
TCGA-27-1835-01,46.2157,,46.2157,GBM,5.530342345960726
TCGA-27-1837-01,107.9436,,107.9436,GBM,6.754147263166812
TCGA-27-2519-01,172.2282,,172.2282,GBM,7.428185949953617
TCGA-27-2521-01,138.7818,,138.7818,GBM,7.116684968841337
TCGA-27-2523-01,144.6529,,144.6529,GBM,7.176461409929972
TCGA-27-2524-01,171.5526,,171.5526,GBM,7.422515590503592
TCGA-27-2526-01,187.2416,,187.2416,GBM,7.548764892948677
TCGA-27-2528-01,32.8415,,32.8415,GBM,5.037492045399082
TCGA-28-1747-01,45.4379,,45.4379,GBM,5.505856004911434
TCGA-28-1753-01,59.4427,,59.4427,GBM,5.8934520123372245
TCGA-28-2499-01,592.0701,,592.0701,GBM,9.209626624848823
TCGA-28-2509-01,65.982,,65.982,GBM,6.04402246822413
TCGA-28-2510-01,21.3011,,21.3011,GBM,4.41292375586647
TCGA-28-2513-01,140.6176,,140.6176,GBM,7.13564362595595
TCGA-28-2514-01,46.3814,,46.3814,GBM,5.535505567275678
TCGA-28-5204-01,59.0995,,59.0995,GBM,5.8850984307803405
TCGA-28-5207-01,94.8454,,94.8454,GBM,6.567521110477594
TCGA-28-5208-01,129.6935,,129.6935,GBM,7.018973489788625
TCGA-28-5209-01,189.6705,,189.6705,GBM,7.567359105753359
TCGA-28-5213-01,105.8583,,105.8583,GBM,6.726004208997431
TCGA-28-5215-01,97.7036,,97.7036,GBM,6.610354581758224
TCGA-28-5216-01,145.6705,,145.6705,GBM,7.186574837729202
TCGA-28-5218-01,245.3939,,245.3939,GBM,7.9389614558042085
TCGA-28-5220-01,210.5603,,210.5603,GBM,7.718096491149743
TCGA-32-1970-01,225.7542,,225.7542,GBM,7.818615408611809
TCGA-32-1980-01,77.9905,,77.9905,GBM,6.285244993528051
TCGA-32-1982-01,55.7668,,55.7668,GBM,5.801360453696399
TCGA-32-2615-01,132.0173,,132.0173,GBM,7.044594115489711
TCGA-32-2616-01,172.039,,172.039,GBM,7.426600226169925
TCGA-32-2632-01,264.7416,,264.7416,GBM,8.048446548808176
TCGA-32-2634-01,265.4621,,265.4621,GBM,8.05236752671088
TCGA-32-2638-01,144.8585,,144.8585,GBM,7.1785104905616155
TCGA-32-4213-01,100.6993,,100.6993,GBM,6.653924171112149
TCGA-32-5222-01,52.6948,,52.6948,GBM,5.719616074574567
TCGA-41-2571-01,181.5709,,181.5709,GBM,7.5043971387282005
TCGA-41-2572-01,169.9538,,169.9538,GBM,7.409007297982086
TCGA-41-3915-01,138.8142,,138.8142,GBM,7.117021738699456
TCGA-41-4097-01,124.175,,124.175,GBM,6.9562425547438105
TCGA-41-5651-01,45.1013,,45.1013,GBM,5.495129100740225
TCGA-76-4925-01,249.4642,,249.4642,GBM,7.962694765701693
TCGA-76-4926-01,339.1808,,339.1808,GBM,8.405914948843911
TCGA-76-4927-01,65.6627,,65.6627,GBM,6.037024139669672
TCGA-76-4928-01,125.723,,125.723,GBM,6.97411626814049
TCGA-76-4929-01,328.6935,,328.6935,GBM,8.36060350597661
TCGA-76-4931-01,89.2518,,89.2518,GBM,6.479825524340028
TCGA-76-4932-01,56.6517,,56.6517,GBM,5.824072809693733
TCGA-CS-4938-01,,43.2138,43.2138,LGG,5.4334535792654854
TCGA-CS-4941-01,,125.7419,125.7419,LGG,6.974333131165597
TCGA-CS-4942-01,,56.1246,56.1246,LGG,5.81058705767919
TCGA-CS-4943-01,,109.2349,109.2349,LGG,6.7713032606870796
TCGA-CS-4944-01,,250.662,250.662,LGG,7.969605247550207
TCGA-CS-5390-01,,119.3975,119.3975,LGG,6.899640901954037
TCGA-CS-5393-01,,184.3857,184.3857,LGG,7.526590786235866
TCGA-CS-5394-01,,72.9341,72.9341,LGG,6.188541373212877
TCGA-CS-5395-01,,154.3526,154.3526,LGG,7.270095321199289
TCGA-CS-5396-01,,72.0914,72.0914,LGG,6.171775273074267
TCGA-CS-5397-01,,229.4892,229.4892,LGG,7.8422887368200165
TCGA-CS-6186-01,,172.8793,172.8793,LGG,7.433629670602464
TCGA-CS-6188-01,,156.9259,156.9259,LGG,7.293948866301157
TCGA-CS-6290-01,,49.4008,49.4008,LGG,5.626491703575123
TCGA-CS-6665-01,,170.1407,170.1407,LGG,7.4105929639932695
TCGA-CS-6666-01,,106.7108,106.7108,LGG,6.737575905395516
TCGA-CS-6667-01,,24.4529,24.4529,LGG,4.611992664848801
TCGA-CS-6668-01,,29.314,29.314,LGG,4.8735671516217485
TCGA-CS-6669-01,,64.6336,64.6336,LGG,6.014234765770251
TCGA-CS-6670-01,,106.7268,106.7268,LGG,6.737792201909354
TCGA-DB-5270-01,,111.4729,111.4729,LGG,6.800562153298488
TCGA-DB-5273-01,,162.4534,162.4534,LGG,7.3438910086789
TCGA-DB-5274-01,,101.7241,101.7241,LGG,6.668531888416215
TCGA-DB-5275-01,,107.8564,107.8564,LGG,6.752981351688583
TCGA-DB-5276-01,,26.5742,26.5742,LGG,4.732008644138472
TCGA-DB-5277-01,,179.3612,179.3612,LGG,7.486732068780171
TCGA-DB-5278-01,,43.9389,43.9389,LGG,5.457459681315182
TCGA-DB-5279-01,,44.8153,44.8153,LGG,5.485951640835296
TCGA-DB-5280-01,,26.669,26.669,LGG,4.737145919776202
TCGA-DB-5281-01,,113.0971,113.0971,LGG,6.821430882642667
TCGA-DB-A4X9-01,,257.1727,257.1727,LGG,8.006599302037657
TCGA-DB-A4XA-01,,99.9448,99.9448,LGG,6.64307403708003
TCGA-DB-A4XB-01,,29.2759,29.2759,LGG,4.871690896070889
TCGA-DB-A4XC-01,,39.566,39.566,LGG,5.30622577811059
TCGA-DB-A4XD-01,,22.3375,22.3375,LGG,4.481460408944223
TCGA-DB-A4XE-01,,123.6995,123.6995,LGG,6.950707521504227
TCGA-DB-A4XF-01,,94.8992,94.8992,LGG,6.568339222583738
TCGA-DB-A4XG-01,,195.4562,195.4562,LGG,7.610708919518189
TCGA-DB-A4XH-01,,27.0457,27.0457,LGG,4.757380674741143
TCGA-DB-A64L-01,,108.1273,108.1273,LGG,6.756600353238396
TCGA-DB-A64O-01,,244.4834,244.4834,LGG,7.933598602761426
TCGA-DB-A64P-01,,114.107,114.107,LGG,6.834256130881897
TCGA-DB-A64Q-01,,27.8967,27.8967,LGG,4.802074280190098
TCGA-DB-A64R-01,,78.4884,78.4884,LGG,6.294425925961459
TCGA-DB-A64S-01,,109.6362,109.6362,LGG,6.77659357885462
TCGA-DB-A64U-01,,105.1016,105.1016,LGG,6.715654548520203
TCGA-DB-A64V-01,,60.4295,60.4295,LGG,5.917204973786377
TCGA-DB-A64W-01,,91.9183,91.9183,LGG,6.522295906248521
TCGA-DB-A64X-01,,54.9742,54.9742,LGG,5.780709042507548
TCGA-DB-A75K-01,,168.521,168.521,LGG,7.396793132630397
TCGA-DB-A75L-01,,42.29,42.29,LGG,5.402278769181341
TCGA-DB-A75M-01,,127.8905,127.8905,LGG,6.998776571935238
TCGA-DB-A75O-01,,185.9238,185.9238,LGG,7.538575410008921
TCGA-DB-A75P-01,,87.0774,87.0774,LGG,6.444242994222485
TCGA-DH-5140-01,,195.0745,195.0745,LGG,7.6078887875678705
TCGA-DH-5141-01,,144.0527,144.0527,LGG,7.17046290617739
TCGA-DH-5142-01,,99.6467,99.6467,LGG,6.6387646010366135
TCGA-DH-5143-01,,96.8369,96.8369,LGG,6.5974998886765475
TCGA-DH-5144-01,,32.9531,32.9531,LGG,5.0423860648760925
TCGA-DH-A669-01,,139.4934,139.4934,LGG,7.124063396027078
TCGA-DH-A669-02,,270.0039,270.0039,LGG,8.076841779056588
TCGA-DH-A66B-01,,35.4413,35.4413,LGG,5.14740032437075
TCGA-DH-A66D-01,,34.7222,34.7222,LGG,5.117828003827481
TCGA-DH-A66F-01,,168.9541,168.9541,LGG,7.40049608945465
TCGA-DH-A66G-01,,30.0163,30.0163,LGG,4.9077223099608345
TCGA-DH-A7UR-01,,65.0316,65.0316,LGG,6.023091198692025
TCGA-DH-A7US-01,,52.4617,52.4617,LGG,5.713220152897678
TCGA-DH-A7UT-01,,229.9249,229.9249,LGG,7.84502517734863
TCGA-DH-A7UU-01,,26.0756,26.0756,LGG,4.704683870786675
TCGA-DH-A7UV-01,,61.7379,61.7379,LGG,5.94810787361814
TCGA-DU-5847-01,,66.3771,66.3771,LGG,6.052635429338102
TCGA-DU-5849-01,,152.1192,152.1192,LGG,7.249067930640106
TCGA-DU-5851-01,,73.5391,73.5391,LGG,6.200459233209997
TCGA-DU-5852-01,,175.6511,175.6511,LGG,7.456577014507371
TCGA-DU-5853-01,,198.6791,198.6791,LGG,7.634303567802376
TCGA-DU-5854-01,,74.3802,74.3802,LGG,6.216866118181225
TCGA-DU-5855-01,,39.6575,39.6575,LGG,5.309558206556845
TCGA-DU-5870-01,,27.6213,27.6213,LGG,4.787761547012058
TCGA-DU-5870-02,,144.1476,144.1476,LGG,7.171413014933139
TCGA-DU-5871-01,,83.4389,83.4389,LGG,6.3826655237231025
TCGA-DU-5872-01,,49.9271,49.9271,LGG,5.64178010124026
TCGA-DU-5872-02,,64.9814,64.9814,LGG,6.0219771227061525
TCGA-DU-5874-01,,96.0611,96.0611,LGG,6.585895442359941
TCGA-DU-6392-01,,166.2522,166.2522,LGG,7.377238299289007
TCGA-DU-6393-01,,53.7037,53.7037,LGG,5.746976446970981
TCGA-DU-6394-01,,80.6079,80.6079,LGG,6.3328672298814075
TCGA-DU-6395-01,,438.6532,438.6532,LGG,8.776940271827721
TCGA-DU-6396-01,,36.0842,36.0842,LGG,5.173335345721615
TCGA-DU-6397-01,,114.7929,114.7929,LGG,6.84290217086875
TCGA-DU-6397-02,,139.3377,139.3377,LGG,7.122452198208646
TCGA-DU-6399-01,,104.7962,104.7962,LGG,6.711456360847809
TCGA-DU-6400-01,,246.5854,246.5854,LGG,7.94594942263139
TCGA-DU-6401-01,,160.749,160.749,LGG,7.328674927327947
TCGA-DU-6402-01,,54.8061,54.8061,LGG,5.776290894483509
TCGA-DU-6403-01,,366.8857,366.8857,LGG,8.519190796209562
TCGA-DU-6404-01,,121.3931,121.3931,LGG,6.923554495160859
TCGA-DU-6404-02,,160.4058,160.4058,LGG,7.325591491906301
TCGA-DU-6405-01,,146.0405,146.0405,LGG,7.190234581733618
TCGA-DU-6406-01,,131.6459,131.6459,LGG,7.0405297392082
TCGA-DU-6407-01,,36.8669,36.8669,LGG,5.204293337577051
TCGA-DU-6407-02,,33.3789,33.3789,LGG,5.060907727547125
TCGA-DU-6408-01,,114.5453,114.5453,LGG,6.839787048174081
TCGA-DU-6410-01,,33.0715,33.0715,LGG,5.0475602000256865
TCGA-DU-6542-01,,34.9935,34.9935,LGG,5.129056289909522
TCGA-DU-7006-01,,164.1791,164.1791,LGG,7.359135460793201
TCGA-DU-7007-01,,75.3386,75.3386,LGG,6.2353364685025285
TCGA-DU-7008-01,,131.3448,131.3448,LGG,7.0372262584149095
TCGA-DU-7009-01,,165.8654,165.8654,LGG,7.3738778550748165
TCGA-DU-7010-01,,80.7715,80.7715,LGG,6.335792288029899
TCGA-DU-7011-01,,53.7314,53.7314,LGG,5.747720373482738
TCGA-DU-7012-01,,95.9183,95.9183,LGG,6.583749225176055
TCGA-DU-7013-01,,52.4579,52.4579,LGG,5.713115651228665
TCGA-DU-7014-01,,236.5161,236.5161,LGG,7.885800682825077
TCGA-DU-7015-01,,39.9763,39.9763,LGG,5.321109133049251
TCGA-DU-7018-01,,75.9241,75.9241,LGG,6.246504998436951
TCGA-DU-7019-01,,24.5495,24.5495,LGG,4.617680501919178
TCGA-DU-7290-01,,43.8522,43.8522,LGG,5.454610215908284
TCGA-DU-7292-01,,164.1105,164.1105,LGG,7.358532528027054
TCGA-DU-7294-01,,35.8699,35.8699,LGG,5.1647420378200435
TCGA-DU-7298-01,,25.6578,25.6578,LGG,4.681381795535875
TCGA-DU-7299-01,,29.7189,29.7189,LGG,4.893357356465527
TCGA-DU-7300-01,,122.6971,122.6971,LGG,6.938969098581566
TCGA-DU-7301-01,,145.7321,145.7321,LGG,7.187184780165543
TCGA-DU-7302-01,,27.9482,27.9482,LGG,4.804735083767976
TCGA-DU-7304-01,,41.9457,41.9457,LGG,5.390485411371226
TCGA-DU-7304-02,,788.9222,788.9222,LGG,9.62374105354706
TCGA-DU-7306-01,,98.6128,98.6128,LGG,6.623717646140191
TCGA-DU-7309-01,,33.9916,33.9916,LGG,5.087148808742545
TCGA-DU-8158-01,,262.0314,262.0314,LGG,8.033601400122668
TCGA-DU-8161-01,,289.8699,289.8699,LGG,8.17926669898322
TCGA-DU-8162-01,,73.7157,73.7157,LGG,6.203919583650395
TCGA-DU-8163-01,,26.9889,26.9889,LGG,4.75434772638752
TCGA-DU-8164-01,,24.2627,24.2627,LGG,4.600727660376034
TCGA-DU-8165-01,,127.4437,127.4437,LGG,6.993727567507486
TCGA-DU-8166-01,,25.3829,25.3829,LGG,4.665841837762474
TCGA-DU-8167-01,,135.8874,135.8874,LGG,7.086278496676572
TCGA-DU-8168-01,,27.2013,27.2013,LGG,4.765656733800862
TCGA-DU-A5TP-01,,127.6683,127.6683,LGG,6.9962678388363875
TCGA-DU-A5TR-01,,262.0621,262.0621,LGG,8.033770417936429
TCGA-DU-A5TS-01,,84.9481,84.9481,LGG,6.408526757630408
TCGA-DU-A5TT-01,,464.4447,464.4447,LGG,8.859366125629265
TCGA-DU-A5TU-01,,74.4816,74.4816,LGG,6.218831529513881
TCGA-DU-A5TW-01,,49.5335,49.5335,LGG,5.630361784561161
TCGA-DU-A5TY-01,,72.1805,72.1805,LGG,6.173557219004688
TCGA-DU-A6S2-01,,87.7115,87.7115,LGG,6.454710552186222
TCGA-DU-A6S3-01,,132.6326,132.6326,LGG,7.051302488700631
TCGA-DU-A6S6-01,,40.9909,40.9909,LGG,5.357266956220151
TCGA-DU-A6S7-01,,119.2038,119.2038,LGG,6.897298519507449
TCGA-DU-A6S8-01,,136.8421,136.8421,LGG,7.096378881717296
TCGA-DU-A76K-01,,60.7033,60.7033,LGG,5.923726808550436
TCGA-DU-A76L-01,,183.0182,183.0182,LGG,7.515851195069755
TCGA-DU-A76O-01,,200.1565,200.1565,LGG,7.644991865005971
TCGA-DU-A76R-01,,98.2211,98.2211,LGG,6.617975762739241
TCGA-DU-A7T6-01,,184.1713,184.1713,LGG,7.524912282378098
TCGA-DU-A7T8-01,,68.0927,68.0927,LGG,6.089449421770834
TCGA-DU-A7TA-01,,103.082,103.082,LGG,6.687662619106067
TCGA-DU-A7TB-01,,208.7279,208.7279,LGG,7.705486555486373
TCGA-DU-A7TC-01,,83.9336,83.9336,LGG,6.391193744150961
TCGA-DU-A7TD-01,,59.8271,59.8271,LGG,5.902751342000188
TCGA-DU-A7TG-01,,37.0449,37.0449,LGG,5.211241978120894
TCGA-DU-A7TI-01,,40.621,40.621,LGG,5.344189366501989
TCGA-DU-A7TJ-01,,178.7918,178.7918,LGG,7.482144830023906
TCGA-E1-5302-01,,155.9187,155.9187,LGG,7.2846594096434485
TCGA-E1-5303-01,,36.6748,36.6748,LGG,5.196756530273279
TCGA-E1-5304-01,,197.7655,197.7655,LGG,7.627654256028408
TCGA-E1-5305-01,,32.5575,32.5575,LGG,5.024962329736907
TCGA-E1-5307-01,,78.4025,78.4025,LGG,6.292846153818865
TCGA-E1-5311-01,,27.171,27.171,LGG,4.764048854186276
TCGA-E1-5318-01,,153.4217,153.4217,LGG,7.261368145591905
TCGA-E1-5319-01,,128.1124,128.1124,LGG,7.001277571796931
TCGA-E1-5322-01,,108.7412,108.7412,LGG,6.764768110966942
TCGA-E1-A7YD-01,,342.5651,342.5651,LGG,8.420238580596175
TCGA-E1-A7YE-01,,35.134,35.134,LGG,5.134836993449116
TCGA-E1-A7YH-01,,322.5375,322.5375,LGG,8.333327568741424
TCGA-E1-A7YI-01,,163.7446,163.7446,LGG,7.3553123303578465
TCGA-E1-A7YJ-01,,292.1203,292.1203,LGG,8.190423745764575
TCGA-E1-A7YK-01,,56.8333,56.8333,LGG,5.828689966602361
TCGA-E1-A7YL-01,,79.2018,79.2018,LGG,6.307479528660809
TCGA-E1-A7YM-01,,106.4525,106.4525,LGG,6.73407957356807
TCGA-E1-A7YN-01,,121.3359,121.3359,LGG,6.92287454774692
TCGA-E1-A7YO-01,,40.004,40.004,LGG,5.322108420497358
TCGA-E1-A7YQ-01,,161.3264,161.3264,LGG,7.333847677784939
TCGA-E1-A7YS-01,,60.5839,60.5839,LGG,5.920886360373243
TCGA-E1-A7YU-01,,42.9807,42.9807,LGG,5.425650639846334
TCGA-E1-A7YV-01,,144.5565,144.5565,LGG,7.175499651112082
TCGA-E1-A7YW-01,,105.1154,105.1154,LGG,6.715843962337155
TCGA-E1-A7YY-01,,50.717,50.717,LGG,5.664425950637319
TCGA-E1-A7Z2-01,,241.0543,241.0543,LGG,7.913220339897429
TCGA-E1-A7Z3-01,,33.7674,33.7674,LGG,5.077601918687881
TCGA-E1-A7Z4-01,,138.191,138.191,LGG,7.1105302896225036
TCGA-E1-A7Z6-01,,130.2916,130.2916,LGG,7.025611337790763
TCGA-EZ-7264-01,,36.356,36.356,LGG,5.1841612552641605
TCGA-F6-A8O3-01,,37.257,37.257,LGG,5.21947832774115
TCGA-F6-A8O4-01,,41.653,41.653,LGG,5.380383137970934
TCGA-FG-5962-01,,115.5556,115.5556,LGG,6.852455851270852
TCGA-FG-5963-01,,46.5179,46.5179,LGG,5.539745077697897
TCGA-FG-5963-02,,29.5203,29.5203,LGG,4.88368434820497
TCGA-FG-5964-01,,147.8051,147.8051,LGG,7.207562000924206
TCGA-FG-5965-01,,252.0009,252.0009,LGG,7.97729080092152
TCGA-FG-5965-02,,180.3897,180.3897,LGG,7.494981152482591
TCGA-FG-6688-01,,192.9938,192.9938,LGG,7.592418166204465
TCGA-FG-6689-01,,191.6285,191.6285,LGG,7.582175860596582
TCGA-FG-6690-01,,37.4948,37.4948,LGG,5.228657099602042
TCGA-FG-6691-01,,103.2732,103.2732,LGG,6.690336074364759
TCGA-FG-6692-01,,321.7795,321.7795,LGG,8.329933090709606
TCGA-FG-7634-01,,34.6908,34.6908,LGG,5.116522792349451
TCGA-FG-7636-01,,69.086,69.086,LGG,6.110342361217615
TCGA-FG-7637-01,,45.749,45.749,LGG,5.515699838284043
TCGA-FG-7638-01,,37.7277,37.7277,LGG,5.237590485630019
TCGA-FG-7641-01,,71.1654,71.1654,LGG,6.153124353006149
TCGA-FG-7643-01,,153.0094,153.0094,LGG,7.257485904905119
TCGA-FG-8181-01,,49.458,49.458,LGG,5.628161165395125
TCGA-FG-8182-01,,33.197,33.197,LGG,5.053024424501894
TCGA-FG-8185-01,,37.5714,37.5714,LGG,5.231601368373309
TCGA-FG-8186-01,,44.0582,44.0582,LGG,5.461371394590006
TCGA-FG-8187-01,,38.1551,38.1551,LGG,5.253841813447838
TCGA-FG-8188-01,,27.6398,27.6398,LGG,4.788727466739813
TCGA-FG-8189-01,,58.8235,58.8235,LGG,5.878345247683538
TCGA-FG-8191-01,,109.3711,109.3711,LGG,6.7731009541840566
TCGA-FG-A4MT-01,,37.3403,37.3403,LGG,5.222700249310232
TCGA-FG-A4MT-02,,36.2604,36.2604,LGG,5.180362721405354
TCGA-FG-A4MU-01,,103.9441,103.9441,LGG,6.699677940541283
TCGA-FG-A4MW-01,,122.0485,122.0485,LGG,6.9313225746193305
TCGA-FG-A4MX-01,,59.2369,59.2369,LGG,5.8884485924809296
TCGA-FG-A4MY-01,,44.8836,44.8836,LGG,5.488148633069156
TCGA-FG-A60J-01,,103.6094,103.6094,LGG,6.6950250120595935
TCGA-FG-A60K-01,,37.6839,37.6839,LGG,5.235914659256629
TCGA-FG-A60L-01,,142.2659,142.2659,LGG,7.152456231396085
TCGA-FG-A6IZ-01,,636.7171,636.7171,LGG,9.314510966104347
TCGA-FG-A6J1-01,,386.0635,386.0635,LGG,8.592698089227738
TCGA-FG-A6J3-01,,80.4582,80.4582,LGG,6.330185488309885
TCGA-FG-A70Y-01,,49.4137,49.4137,LGG,5.6268683768257075
TCGA-FG-A70Z-01,,323.4437,323.4437,LGG,8.337375262562722
TCGA-FG-A710-01,,51.1556,51.1556,LGG,5.6768484770478755
TCGA-FG-A711-01,,51.193,51.193,LGG,5.6779028293805585
TCGA-FG-A713-01,,32.7081,32.7081,LGG,5.031620158698151
TCGA-FG-A87N-01,,24.9036,24.9036,LGG,4.63834033454068
TCGA-FG-A87Q-01,,48.7195,48.7195,LGG,5.606457034039222
TCGA-FN-7833-01,,21.5134,21.5134,LGG,4.427230701425284
TCGA-HT-7467-01,,107.1082,107.1082,LGG,6.742938593526157
TCGA-HT-7468-01,,41.8141,41.8141,LGG,5.385952108037285
TCGA-HT-7469-01,,118.8731,118.8731,LGG,6.893290608206919
TCGA-HT-7470-01,,125.8932,125.8932,LGG,6.976068008780945
TCGA-HT-7471-01,,27.5621,27.5621,LGG,4.784666250822029
TCGA-HT-7472-01,,26.4413,26.4413,LGG,4.724775765465128
TCGA-HT-7473-01,,44.3264,44.3264,LGG,5.470126839364128
TCGA-HT-7474-01,,107.9641,107.9641,LGG,6.754421222589914
TCGA-HT-7475-01,,157.389,157.389,LGG,7.298200069827763
TCGA-HT-7476-01,,33.2013,33.2013,LGG,5.053211278738531
TCGA-HT-7477-01,,27.423,27.423,LGG,4.777367109450413
TCGA-HT-7478-01,,171.6239,171.6239,LGG,7.423115069537946
TCGA-HT-7479-01,,70.1023,70.1023,LGG,6.131410453268446
TCGA-HT-7480-01,,112.3612,112.3612,LGG,6.812012966931041
TCGA-HT-7481-01,,92.9786,92.9786,LGG,6.538842314256203
TCGA-HT-7482-01,,162.1366,162.1366,LGG,7.341074882994498
TCGA-HT-7483-01,,26.3528,26.3528,LGG,4.719939096442052
TCGA-HT-7485-01,,132.1731,132.1731,LGG,7.046295692926662
TCGA-HT-7601-01,,25.5342,25.5342,LGG,4.674415453639207
TCGA-HT-7602-01,,40.9095,40.9095,LGG,5.354399264553124
TCGA-HT-7603-01,,43.7795,43.7795,LGG,5.452216525957188
TCGA-HT-7604-01,,12.1202,12.1202,LGG,3.599460627720509
TCGA-HT-7605-01,,104.781,104.781,LGG,6.711247094234901
TCGA-HT-7606-01,,218.8272,218.8272,LGG,7.77365485742349
TCGA-HT-7607-01,,29.9663,29.9663,LGG,4.905317200357674
TCGA-HT-7608-01,,50.3027,50.3027,LGG,5.65259261371208
TCGA-HT-7609-01,,37.7432,37.7432,LGG,5.238183063189598
TCGA-HT-7610-01,,87.93,87.93,LGG,6.4582999708557765
TCGA-HT-7611-01,,18.3045,18.3045,LGG,4.194205275121946
TCGA-HT-7616-01,,32.6935,32.6935,LGG,5.030976055072453
TCGA-HT-7620-01,,82.1918,82.1918,LGG,6.36094011581082
TCGA-HT-7676-01,,107.599,107.599,LGG,6.749534267669262
TCGA-HT-7677-01,,110.7226,110.7226,LGG,6.790818945536438
TCGA-HT-7680-01,,37.5187,37.5187,LGG,5.229576387286425
TCGA-HT-7681-01,,50.2074,50.2074,LGG,5.649856846006569
TCGA-HT-7684-01,,389.6966,389.6966,LGG,8.606211236296403
TCGA-HT-7686-01,,109.3236,109.3236,LGG,6.772474259629271
TCGA-HT-7687-01,,28.726,28.726,LGG,4.844335433002883
TCGA-HT-7688-01,,70.2042,70.2042,LGG,6.133505987758708
TCGA-HT-7689-01,,36.0579,36.0579,LGG,5.172283481986224
TCGA-HT-7690-01,,44.9565,44.9565,LGG,5.490489907183696
TCGA-HT-7691-01,,45.3326,45.3326,LGG,5.50250882694564
TCGA-HT-7692-01,,59.3607,59.3607,LGG,5.891460503329412
TCGA-HT-7693-01,,66.9265,66.9265,LGG,6.064527219978498
TCGA-HT-7694-01,,29.2551,29.2551,LGG,4.870665557950047
TCGA-HT-7695-01,,78.3583,78.3583,LGG,6.292032604654177
TCGA-HT-7854-01,,57.8357,57.8357,LGG,5.853913333389153
TCGA-HT-7855-01,,89.4069,89.4069,LGG,6.482330407138026
TCGA-HT-7856-01,,127.6236,127.6236,LGG,6.995762629201636
TCGA-HT-7857-01,,39.299,39.299,LGG,5.296457407371244
TCGA-HT-7858-01,,36.0706,36.0706,LGG,5.172791511937732
TCGA-HT-7860-01,,106.5922,106.5922,LGG,6.735971595609233
TCGA-HT-7873-01,,32.0523,32.0523,LGG,5.002400989907701
TCGA-HT-7874-01,,26.7761,26.7761,LGG,4.742927817977997
TCGA-HT-7875-01,,141.0117,141.0117,LGG,7.139681291419495
TCGA-HT-7877-01,,16.4545,16.4545,LGG,4.040497958272217
TCGA-HT-7879-01,,124.2076,124.2076,LGG,6.9566212566327605
TCGA-HT-7880-01,,89.4131,89.4131,LGG,6.482430447505062
TCGA-HT-7881-01,,110.9414,110.9414,LGG,6.79366703028975
TCGA-HT-7882-01,,35.4816,35.4816,LGG,5.149039822386395
TCGA-HT-7884-01,,35.3917,35.3917,LGG,5.145379919606914
TCGA-HT-7902-01,,34.9176,34.9176,LGG,5.1259238126878675
TCGA-HT-8010-01,,36.1163,36.1163,LGG,5.174618141022711
TCGA-HT-8011-01,,185.9883,185.9883,LGG,7.539075814973779
TCGA-HT-8012-01,,86.5625,86.5625,LGG,6.435686927353391
TCGA-HT-8013-01,,44.6278,44.6278,LGG,5.479903110141168
TCGA-HT-8015-01,,119.2016,119.2016,LGG,6.897271893412033
TCGA-HT-8018-01,,38.5044,38.5044,LGG,5.266988878537015
TCGA-HT-8019-01,,146.6766,146.6766,LGG,7.19650475515275
TCGA-HT-8104-01,,99.0621,99.0621,LGG,6.630275863090145
TCGA-HT-8105-01,,74.9983,74.9983,LGG,6.228805225279328
TCGA-HT-8106-01,,46.1853,46.1853,LGG,5.5293930709193235
TCGA-HT-8107-01,,108.2003,108.2003,LGG,6.7575740225095675
TCGA-HT-8108-01,,137.0145,137.0145,LGG,7.098195298349128
TCGA-HT-8109-01,,22.6198,22.6198,LGG,4.499578047010132
TCGA-HT-8110-01,,121.8049,121.8049,LGG,6.928440205568966
TCGA-HT-8111-01,,113.3982,113.3982,LGG,6.825266652276174
TCGA-HT-8113-01,,74.0101,74.0101,LGG,6.209669753656387
TCGA-HT-8114-01,,100.4563,100.4563,LGG,6.650438594972192
TCGA-HT-8558-01,,97.4227,97.4227,LGG,6.6062008704110955
TCGA-HT-8563-01,,103.2035,103.2035,LGG,6.6893620673783785
TCGA-HT-8564-01,,138.9724,138.9724,LGG,7.118664962216497
TCGA-HT-A4DS-01,,156.5856,156.5856,LGG,7.29081694812077
TCGA-HT-A4DV-01,,243.2,243.2,LGG,7.926005350678241
TCGA-HT-A5R5-01,,36.942,36.942,LGG,5.207229121721635
TCGA-HT-A5R7-01,,77.4913,77.4913,LGG,6.275981059419973
TCGA-HT-A5R9-01,,187.5122,187.5122,LGG,7.550848347539176
TCGA-HT-A5RA-01,,48.4249,48.4249,LGG,5.597706956590875
TCGA-HT-A5RB-01,,17.7373,17.7373,LGG,4.1487958464039725
TCGA-HT-A5RC-01,,25.7467,25.7467,LGG,4.686371659346548
TCGA-HT-A614-01,,40.4826,40.4826,LGG,5.33926568213341
TCGA-HT-A615-01,,192.6177,192.6177,LGG,7.589603960908592
TCGA-HT-A616-01,,35.0403,35.0403,LGG,5.130984393478361
TCGA-HT-A617-01,,93.3721,93.3721,LGG,6.544935076446894
TCGA-HT-A618-01,,121.3047,121.3047,LGG,6.922503532224305
TCGA-HT-A619-01,,30.7866,30.7866,LGG,4.944277503580572
TCGA-HT-A61A-01,,26.1164,26.1164,LGG,4.7069393779199675
TCGA-HT-A61B-01,,87.873,87.873,LGG,6.457364461396863
TCGA-HT-A61C-01,,401.3649,401.3649,LGG,8.648774240479554
TCGA-HT-A74H-01,,428.6231,428.6231,LGG,8.743569159651528
TCGA-HT-A74J-01,,51.9256,51.9256,LGG,5.69840186000644
TCGA-HT-A74K-01,,337.6623,337.6623,LGG,8.399441573783285
TCGA-HT-A74L-01,,89.1926,89.1926,LGG,6.478868289567526
TCGA-HT-A74O-01,,50.6415,50.6415,LGG,5.66227672099201
TCGA-HW-7486-01,,126.1087,126.1087,LGG,6.9785354377143545
TCGA-HW-7487-01,,176.112,176.112,LGG,7.46035759720223
TCGA-HW-7489-01,,92.9672,92.9672,LGG,6.538665418122054
TCGA-HW-7490-01,,92.3758,92.3758,LGG,6.529458665927185
TCGA-HW-7491-01,,25.2284,25.2284,LGG,4.657033991755781
TCGA-HW-7493-01,,62.9231,62.9231,LGG,5.975540771632021
TCGA-HW-7495-01,,163.8526,163.8526,LGG,7.356263560214701
TCGA-HW-8319-01,,55.2453,55.2453,LGG,5.787805941284702
TCGA-HW-8320-01,,78.7333,78.7333,LGG,6.298920366701149
TCGA-HW-8321-01,,25.5684,25.5684,LGG,4.676346402233427
TCGA-HW-8322-01,,79.1472,79.1472,LGG,6.306484635640187
TCGA-HW-A5KJ-01,,354.55,354.55,LGG,8.469849355053332
TCGA-HW-A5KK-01,,180.4934,180.4934,LGG,7.495810266679093
TCGA-HW-A5KL-01,,91.156,91.156,LGG,6.510281540811974
TCGA-HW-A5KM-01,,35.1923,35.1923,LGG,5.137228893726818
TCGA-IK-7675-01,,39.2031,39.2031,LGG,5.2929326354614235
TCGA-IK-8125-01,,31.7926,31.7926,LGG,4.990664477456167
TCGA-KT-A74X-01,,40.5797,40.5797,LGG,5.34272184607899
TCGA-KT-A7W1-01,,149.7203,149.7203,LGG,7.226135669811123
TCGA-P5-A5ET-01,,40.3162,40.3162,LGG,5.3333235430906925
TCGA-P5-A5EU-01,,34.6516,34.6516,LGG,5.114891697361912
TCGA-P5-A5EV-01,,114.219,114.219,LGG,6.835671479481623
TCGA-P5-A5EW-01,,31.8776,31.8776,LGG,4.994516367333458
TCGA-P5-A5EX-01,,41.3305,41.3305,LGG,5.369169817740687
TCGA-P5-A5EY-01,,50.4541,50.4541,LGG,5.656928199161229
TCGA-P5-A5EZ-01,,172.2701,172.2701,LGG,7.428536886788862
TCGA-P5-A5F0-01,,39.756,39.756,LGG,5.3131369924210174
TCGA-P5-A5F1-01,,52.4656,52.4656,LGG,5.7133273967401905
TCGA-P5-A5F2-01,,29.3284,29.3284,LGG,4.874275652655311
TCGA-P5-A5F4-01,,52.3441,52.3441,LGG,5.7099825883650785
TCGA-P5-A5F6-01,,134.6618,134.6618,LGG,7.073207557518912
TCGA-P5-A72U-01,,406.0181,406.0181,LGG,8.665403786217533
TCGA-P5-A72W-01,,279.4937,279.4937,LGG,8.126677115575879
TCGA-P5-A72X-01,,30.6448,30.6448,LGG,4.937617461319996
TCGA-P5-A72Z-01,,12.7378,12.7378,LGG,3.6711574764385637
TCGA-P5-A730-01,,38.4981,38.4981,LGG,5.266752814962085
TCGA-P5-A731-01,,51.5922,51.5922,LGG,5.689109025405045
TCGA-P5-A733-01,,29.2149,29.2149,LGG,4.868681827283013
TCGA-P5-A735-01,,121.7265,121.7265,LGG,6.927511320289877
TCGA-P5-A736-01,,122.9236,122.9236,LGG,6.941629850371892
TCGA-P5-A737-01,,41.9236,41.9236,LGG,5.389725114079028
TCGA-P5-A77W-01,,38.084,38.084,LGG,5.2511509905939375
TCGA-P5-A77X-01,,91.7771,91.7771,LGG,6.5200780351203225
TCGA-P5-A780-01,,141.2959,141.2959,LGG,7.14258600361581
TCGA-P5-A781-01,,104.1329,104.1329,LGG,6.70229599328537
TCGA-QH-A65R-01,,45.6053,45.6053,LGG,5.511161225219448
TCGA-QH-A65S-01,,115.0551,115.0551,LGG,6.846193663614486
TCGA-QH-A65V-01,,225.8678,225.8678,LGG,7.819341190058771
TCGA-QH-A65X-01,,335.443,335.443,LGG,8.389928128582744
TCGA-QH-A65Z-01,,49.2436,49.2436,LGG,5.6218936269619935
TCGA-QH-A6CS-01,,183.5798,183.5798,LGG,7.520271370567629
TCGA-QH-A6CU-01,,94.6021,94.6021,LGG,6.563815554153405
TCGA-QH-A6CV-01,,110.346,110.346,LGG,6.785903597426182
TCGA-QH-A6CW-01,,122.9135,122.9135,LGG,6.94151130763462
TCGA-QH-A6CX-01,,113.007,113.007,LGG,6.8202810965018745
TCGA-QH-A6CY-01,,45.28,45.28,LGG,5.50083391434493
TCGA-QH-A6CZ-01,,44.2407,44.2407,LGG,5.467334917495433
TCGA-QH-A6X3-01,,67.8617,67.8617,LGG,6.084546925453791
TCGA-QH-A6X4-01,,61.3042,61.3042,LGG,5.937937545574015
TCGA-QH-A6X5-01,,155.6245,155.6245,LGG,7.281934662112787
TCGA-QH-A6X8-01,,51.2159,51.2159,LGG,5.678548028612028
TCGA-QH-A6X9-01,,120.0318,120.0318,LGG,6.907284878370172
TCGA-QH-A6XA-01,,203.2086,203.2086,LGG,7.666824749095633
TCGA-QH-A6XC-01,,74.3568,74.3568,LGG,6.216412181228102
TCGA-QH-A86X-01,,118.2726,118.2726,LGG,6.885984273600324
TCGA-QH-A870-01,,207.9295,207.9295,LGG,7.699957583235021
TCGA-R8-A6MK-01,,113.328,113.328,LGG,6.8243732724927435
TCGA-R8-A6ML-01,,71.3887,71.3887,LGG,6.157644034256001
TCGA-R8-A6MO-01,,173.9121,173.9121,LGG,7.442222797480887
TCGA-R8-A6YH-01,,43.2631,43.2631,LGG,5.435098486247902
TCGA-R8-A73M-01,,266.1949,266.1949,LGG,8.056344540531592
TCGA-RY-A83X-01,,58.5934,58.5934,LGG,5.872690884478823
TCGA-RY-A83Y-01,,81.2077,81.2077,LGG,6.343562388486297
TCGA-RY-A83Z-01,,283.0511,283.0511,LGG,8.14492381701434
TCGA-RY-A840-01,,65.5532,65.5532,LGG,6.034616310499304
TCGA-RY-A843-01,,41.8011,41.8011,LGG,5.385503515267313
TCGA-RY-A845-01,,93.8092,93.8092,LGG,6.551672890649114
TCGA-RY-A847-01,,185.9572,185.9572,LGG,7.538834556108609
TCGA-S9-A6TS-01,,40.9524,40.9524,LGG,5.355911325984834
TCGA-S9-A6TU-01,,137.3757,137.3757,LGG,7.101993524025806
TCGA-S9-A6TV-01,,35.3667,35.3667,LGG,5.144360496948961
TCGA-S9-A6TW-01,,138.1005,138.1005,LGG,7.109585179398269
TCGA-S9-A6TX-01,,43.0152,43.0152,LGG,5.4268081793113865
TCGA-S9-A6TY-01,,49.147,49.147,LGG,5.619060804458525
TCGA-S9-A6TZ-01,,37.9468,37.9468,LGG,5.245944343608698
TCGA-S9-A6U0-01,,65.7633,65.7633,LGG,6.039232727633547
TCGA-S9-A6U1-01,,202.0725,202.0725,LGG,7.658736328289425
TCGA-S9-A6U2-01,,203.4169,203.4169,LGG,7.668302826221766
TCGA-S9-A6U5-01,,113.9241,113.9241,LGG,6.831941826690415
TCGA-S9-A6U6-01,,49.7443,49.7443,LGG,5.636488319297314
TCGA-S9-A6U8-01,,48.1971,48.1971,LGG,5.590904370500165
TCGA-S9-A6U9-01,,231.1759,231.1759,LGG,7.852853435708356
TCGA-S9-A6UA-01,,109.5544,109.5544,LGG,6.775516786482768
TCGA-S9-A6UB-01,,175.4181,175.4181,LGG,7.4546620297756006
TCGA-S9-A6WD-01,,45.1745,45.1745,LGG,5.497468663736584
TCGA-S9-A6WE-01,,243.2032,243.2032,LGG,7.926024333304788
TCGA-S9-A6WG-01,,211.6454,211.6454,LGG,7.725512139114648
TCGA-S9-A6WH-01,,74.9249,74.9249,LGG,6.227392603192292
TCGA-S9-A6WI-01,,149.4783,149.4783,LGG,7.223801902592552
TCGA-S9-A6WL-01,,75.2525,75.2525,LGG,6.233686777294162
TCGA-S9-A6WM-01,,203.6836,203.6836,LGG,7.67019309622723
TCGA-S9-A6WN-01,,34.3389,34.3389,LGG,5.10181393301267
TCGA-S9-A6WO-01,,105.4104,105.4104,LGG,6.719887089331412
TCGA-S9-A6WP-01,,140.28,140.28,LGG,7.132175809837218
TCGA-S9-A6WQ-01,,153.1274,153.1274,LGG,7.258598067252757
TCGA-S9-A7IQ-01,,51.3955,51.3955,LGG,5.6835982129725195
TCGA-S9-A7IS-01,,27.8309,27.8309,LGG,4.7986674953646995
TCGA-S9-A7IX-01,,162.4939,162.4939,LGG,7.344250628776304
TCGA-S9-A7IY-01,,59.869,59.869,LGG,5.903761365128077
TCGA-S9-A7IZ-01,,112.4546,112.4546,LGG,6.813211695186289
TCGA-S9-A7J0-01,,113.9329,113.9329,LGG,6.832053261537107
TCGA-S9-A7J1-01,,31.6852,31.6852,LGG,4.985782748300348
TCGA-S9-A7J2-01,,43.4327,43.4327,LGG,5.440742952221676
TCGA-S9-A7J3-01,,34.7846,34.7846,LGG,5.120418300156448
TCGA-S9-A7QW-01,,110.068,110.068,LGG,6.782264393066834
TCGA-S9-A7QX-01,,32.2311,32.2311,LGG,5.01042628145078
TCGA-S9-A7QY-01,,132.0201,132.0201,LGG,7.0446247135452635
TCGA-S9-A7QZ-01,,58.7863,58.7863,LGG,5.877432613792878
TCGA-S9-A7R1-01,,49.206,49.206,LGG,5.6207916573408845
TCGA-S9-A7R2-01,,241.872,241.872,LGG,7.918105921721133
TCGA-S9-A7R3-01,,117.8348,117.8348,LGG,6.880634104460412
TCGA-S9-A7R4-01,,81.4806,81.4806,LGG,6.348402404712541
TCGA-S9-A7R7-01,,33.9019,33.9019,LGG,5.083336779360339
TCGA-S9-A7R8-01,,142.7926,142.7926,LGG,7.15778750909149
TCGA-S9-A89V-01,,189.8125,189.8125,LGG,7.5684387937798565
TCGA-S9-A89Z-01,,111.0048,111.0048,LGG,6.794491248445881
TCGA-TM-A7C3-01,,141.8471,141.8471,LGG,7.148203016178779
TCGA-TM-A7C4-01,,122.4428,122.4428,LGG,6.935975913977069
TCGA-TM-A7C5-01,,29.9885,29.9885,LGG,4.906385563958512
TCGA-TM-A7CA-01,,93.5136,93.5136,LGG,6.547119718745926
TCGA-TM-A7CF-01,,74.9796,74.9796,LGG,6.2284454651060726
TCGA-TM-A7CF-02,,133.8383,133.8383,LGG,7.06435799476774
TCGA-TM-A84B-01,,35.8677,35.8677,LGG,5.1646535531033475
TCGA-TM-A84C-01,,80.9288,80.9288,LGG,6.338599125057133
TCGA-TM-A84F-01,,143.5034,143.5034,LGG,7.164951161943025
TCGA-TM-A84G-01,,45.0928,45.0928,LGG,5.494857184152172
TCGA-TM-A84H-01,,165.0054,165.0054,LGG,7.3663781722409505
TCGA-TM-A84I-01,,26.4875,26.4875,LGG,4.727294243470954
TCGA-TM-A84J-01,,74.6767,74.6767,LGG,6.222605589541834
TCGA-TM-A84L-01,,120.4802,120.4802,LGG,6.912664234298162
TCGA-TM-A84M-01,,33.9264,33.9264,LGG,5.084378969356222
TCGA-TM-A84O-01,,102.5992,102.5992,LGG,6.6808897329879855
TCGA-TM-A84Q-01,,31.9778,31.9778,LGG,4.999043897791573
TCGA-TM-A84R-01,,47.5616,47.5616,LGG,5.57175567676194
TCGA-TM-A84S-01,,214.4395,214.4395,LGG,7.744433593850445
TCGA-TM-A84T-01,,32.4525,32.4525,LGG,5.020302171273602
TCGA-TQ-A7RF-01,,72.6534,72.6534,LGG,6.182978265986508
TCGA-TQ-A7RG-01,,103.7019,103.7019,LGG,6.696312428738967
TCGA-TQ-A7RH-01,,214.6397,214.6397,LGG,7.74577985450295
TCGA-TQ-A7RI-01,,139.9541,139.9541,LGG,7.128820249823444
TCGA-TQ-A7RJ-01,,46.3866,46.3866,LGG,5.535667300901213
TCGA-TQ-A7RK-01,,76.2489,76.2489,LGG,6.252663540389938
TCGA-TQ-A7RK-02,,46.8904,46.8904,LGG,5.551251448011047
TCGA-TQ-A7RM-01,,42.4531,42.4531,LGG,5.407831983507509
TCGA-TQ-A7RN-01,,103.012,103.012,LGG,6.68668260341682
TCGA-TQ-A7RO-01,,43.4389,43.4389,LGG,5.440948876904633
TCGA-TQ-A7RP-01,,143.4881,143.4881,LGG,7.164797338012193
TCGA-TQ-A7RQ-01,,80.0918,80.0918,LGG,6.32360065123955
TCGA-TQ-A7RR-01,,41.9207,41.9207,LGG,5.389625316816174
TCGA-TQ-A7RS-01,,125.4003,125.4003,LGG,6.970408494005839
TCGA-TQ-A7RU-01,,59.4937,59.4937,LGG,5.894689248614066
TCGA-TQ-A7RV-01,,160.7637,160.7637,LGG,7.328806850484903
TCGA-TQ-A7RV-02,,112.9884,112.9884,LGG,6.820043623612176
TCGA-TQ-A7RW-01,,48.3659,48.3659,LGG,5.595948168376163
TCGA-TQ-A8XE-01,,58.9312,58.9312,LGG,5.880984219380737
TCGA-TQ-A8XE-02,,37.5754,37.5754,LGG,5.231754951136281
TCGA-VM-A8C8-01,,59.717,59.717,LGG,5.900093944244643
TCGA-VM-A8C9-01,,373.1296,373.1296,LGG,8.54353686849817
TCGA-VM-A8CA-01,,70.0153,70.0153,LGG,6.129618919683043
TCGA-VM-A8CB-01,,68.7285,68.7285,LGG,6.1028575588321585
TCGA-VM-A8CD-01,,27.4221,27.4221,LGG,4.777319762351408
TCGA-VM-A8CE-01,,179.7438,179.7438,LGG,7.4898062240124395
TCGA-VM-A8CF-01,,283.9879,283.9879,LGG,8.149690731378238
TCGA-VM-A8CH-01,,98.932,98.932,LGG,6.628379920171748
TCGA-VV-A829-01,,31.8237,31.8237,LGG,4.992075009310862
TCGA-VV-A86M-01,,173.5491,173.5491,LGG,7.439208386226
TCGA-VW-A7QS-01,,35.2789,35.2789,LGG,5.140774566505343
TCGA-VW-A8FI-01,,269.3683,269.3683,LGG,8.073441626092515
TCGA-W9-A837-01,,40.2969,40.2969,LGG,5.332632754024596
TCGA-WH-A86K-01,,22.8365,22.8365,LGG,4.513332823740126
TCGA-WY-A858-01,,57.4125,57.4125,LGG,5.843318101702434
TCGA-WY-A859-01,,173.4776,173.4776,LGG,7.438613895356034
TCGA-WY-A85A-01,,43.2832,43.2832,LGG,5.435768590012926
TCGA-WY-A85B-01,,106.2823,106.2823,LGG,6.731771117782808
TCGA-WY-A85C-01,,116.4691,116.4691,LGG,6.863815826042927
TCGA-WY-A85D-01,,143.9842,143.9842,LGG,7.169776716831687
TCGA-WY-A85E-01,,103.2136,103.2136,LGG,6.689503248305188
