Left_out_cancer,Score,K_cancers,Pooled_rho,CI_low,CI_high,Q,I2,CI_crosses_zero
NONE(all),M2_Macrophage,32,0.1366,0.1163,0.1567,0.69,0.0,NO
NONE(all),T_cell_exhaustion,32,0.054,0.0334,0.0744,0.4,0.0,NO
NONE(all),Cytolytic_activity,32,-0.0023,-0.0229,0.0182,0.2,0.0,YES
NONE(all),Treg,32,0.0525,0.032,0.073,0.38,0.0,NO
NONE(all),IFN_gamma,32,0.0854,0.065,0.1058,0.53,0.0,NO
NONE(all),Checkpoint,32,0.059,0.0385,0.0794,0.47,0.0,NO
NONE(all),Myeloid,32,0.1099,0.0895,0.1301,0.64,0.0,NO
ACC,M2_Macrophage,31,0.1366,0.1163,0.1568,0.69,0.0,NO
ACC,T_cell_exhaustion,31,0.0542,0.0336,0.0748,0.4,0.0,NO
ACC,Cytolytic_activity,31,-0.0018,-0.0224,0.0189,0.19,0.0,YES
ACC,Treg,31,0.0528,0.0322,0.0734,0.38,0.0,NO
ACC,IFN_gamma,31,0.0861,0.0656,0.1066,0.52,0.0,NO
ACC,Checkpoint,31,0.0591,0.0386,0.0797,0.47,0.0,NO
ACC,Myeloid,31,0.111,0.0906,0.1313,0.62,0.0,NO
BLCA,M2_Macrophage,31,0.1425,0.1218,0.163,0.67,0.0,NO
BLCA,T_cell_exhaustion,31,0.056,0.035,0.077,0.39,0.0,NO
BLCA,Cytolytic_activity,31,-0.0011,-0.0222,0.0199,0.2,0.0,YES
BLCA,Treg,31,0.0548,0.0338,0.0757,0.37,0.0,NO
BLCA,IFN_gamma,31,0.0865,0.0656,0.1074,0.53,0.0,NO
BLCA,Checkpoint,31,0.0617,0.0407,0.0826,0.46,0.0,NO
BLCA,Myeloid,31,0.1125,0.0917,0.1332,0.63,0.0,NO
BRCA,M2_Macrophage,31,0.1385,0.1169,0.1599,0.69,0.0,NO
BRCA,T_cell_exhaustion,31,0.0547,0.0329,0.0765,0.4,0.0,NO
BRCA,Cytolytic_activity,31,-0.0028,-0.0248,0.0191,0.2,0.0,YES
BRCA,Treg,31,0.0501,0.0283,0.072,0.38,0.0,NO
BRCA,IFN_gamma,31,0.0877,0.0659,0.1093,0.53,0.0,NO
BRCA,Checkpoint,31,0.0598,0.038,0.0816,0.47,0.0,NO
BRCA,Myeloid,31,0.1113,0.0896,0.1329,0.64,0.0,NO
CESC,M2_Macrophage,31,0.1382,0.1177,0.1587,0.69,0.0,NO
CESC,T_cell_exhaustion,31,0.0576,0.0367,0.0784,0.38,0.0,NO
CESC,Cytolytic_activity,31,0.0002,-0.0207,0.0211,0.19,0.0,YES
CESC,Treg,31,0.0545,0.0337,0.0754,0.37,0.0,NO
CESC,IFN_gamma,31,0.0879,0.0671,0.1086,0.52,0.0,NO
CESC,Checkpoint,31,0.0627,0.0418,0.0835,0.45,0.0,NO
CESC,Myeloid,31,0.1123,0.0916,0.1329,0.63,0.0,NO
CHOL,M2_Macrophage,31,0.136,0.1157,0.1562,0.67,0.0,NO
CHOL,T_cell_exhaustion,31,0.054,0.0335,0.0746,0.4,0.0,NO
CHOL,Cytolytic_activity,31,-0.002,-0.0226,0.0186,0.19,0.0,YES
CHOL,Treg,31,0.0526,0.0321,0.0732,0.38,0.0,NO
CHOL,IFN_gamma,31,0.0853,0.0648,0.1057,0.53,0.0,NO
CHOL,Checkpoint,31,0.0594,0.0389,0.0799,0.45,0.0,NO
CHOL,Myeloid,31,0.1094,0.089,0.1297,0.62,0.0,NO
COAD,M2_Macrophage,31,0.1366,0.1161,0.1571,0.69,0.0,NO
COAD,T_cell_exhaustion,31,0.0534,0.0325,0.0742,0.4,0.0,NO
COAD,Cytolytic_activity,31,-0.0034,-0.0242,0.0175,0.2,0.0,YES
COAD,Treg,31,0.0513,0.0305,0.0721,0.38,0.0,NO
COAD,IFN_gamma,31,0.0863,0.0655,0.107,0.53,0.0,NO
COAD,Checkpoint,31,0.0587,0.0379,0.0795,0.47,0.0,NO
COAD,Myeloid,31,0.1089,0.0882,0.1295,0.64,0.0,NO
DLBC,M2_Macrophage,31,0.1358,0.1155,0.156,0.66,0.0,NO
DLBC,T_cell_exhaustion,31,0.0527,0.0321,0.0732,0.33,0.0,NO
DLBC,Cytolytic_activity,31,-0.0031,-0.0237,0.0175,0.17,0.0,YES
DLBC,Treg,31,0.0509,0.0303,0.0714,0.27,0.0,NO
DLBC,IFN_gamma,31,0.0847,0.0642,0.1051,0.51,0.0,NO
DLBC,Checkpoint,31,0.0575,0.037,0.078,0.38,0.0,NO
DLBC,Myeloid,31,0.1098,0.0894,0.1301,0.64,0.0,NO
ESCA,M2_Macrophage,31,0.1398,0.1194,0.1601,0.66,0.0,NO
ESCA,T_cell_exhaustion,31,0.0545,0.0338,0.0752,0.4,0.0,NO
ESCA,Cytolytic_activity,31,-0.0017,-0.0224,0.0191,0.2,0.0,YES
ESCA,Treg,31,0.0519,0.0312,0.0726,0.38,0.0,NO
ESCA,IFN_gamma,31,0.0866,0.066,0.1072,0.53,0.0,NO
ESCA,Checkpoint,31,0.0597,0.039,0.0804,0.47,0.0,NO
ESCA,Myeloid,31,0.1127,0.0922,0.1332,0.62,0.0,NO
GBM,M2_Macrophage,31,0.1363,0.1159,0.1566,0.69,0.0,NO
GBM,T_cell_exhaustion,31,0.0514,0.0307,0.0721,0.38,0.0,NO
GBM,Cytolytic_activity,31,-0.0049,-0.0257,0.0158,0.17,0.0,YES
GBM,Treg,31,0.0498,0.0291,0.0705,0.35,0.0,NO
GBM,IFN_gamma,31,0.0857,0.0651,0.1063,0.53,0.0,NO
GBM,Checkpoint,31,0.0558,0.0351,0.0764,0.43,0.0,NO
GBM,Myeloid,31,0.1094,0.0888,0.1298,0.64,0.0,NO
HNSC,M2_Macrophage,31,0.1336,0.1128,0.1544,0.69,0.0,NO
HNSC,T_cell_exhaustion,31,0.057,0.0359,0.0781,0.39,0.0,NO
HNSC,Cytolytic_activity,31,0.0026,-0.0186,0.0238,0.19,0.0,YES
HNSC,Treg,31,0.0535,0.0324,0.0746,0.38,0.0,NO
HNSC,IFN_gamma,31,0.0888,0.0678,0.1098,0.52,0.0,NO
HNSC,Checkpoint,31,0.0625,0.0414,0.0835,0.46,0.0,NO
HNSC,Myeloid,31,0.1124,0.0915,0.1332,0.64,0.0,NO
KICH,M2_Macrophage,31,0.1378,0.1175,0.158,0.66,0.0,NO
KICH,T_cell_exhaustion,31,0.0544,0.0338,0.0749,0.39,0.0,NO
KICH,Cytolytic_activity,31,-0.0026,-0.0232,0.018,0.2,0.0,YES
KICH,Treg,31,0.0527,0.0321,0.0732,0.38,0.0,NO
KICH,IFN_gamma,31,0.0859,0.0654,0.1064,0.52,0.0,NO
KICH,Checkpoint,31,0.0597,0.0391,0.0802,0.46,0.0,NO
KICH,Myeloid,31,0.1116,0.0911,0.1319,0.58,0.0,NO
KIRC,M2_Macrophage,31,0.1279,0.107,0.1487,0.68,0.0,NO
KIRC,T_cell_exhaustion,31,0.0505,0.0294,0.0716,0.4,0.0,NO
KIRC,Cytolytic_activity,31,-0.0042,-0.0254,0.0169,0.2,0.0,YES
KIRC,Treg,31,0.0477,0.0266,0.0688,0.38,0.0,NO
KIRC,IFN_gamma,31,0.0813,0.0603,0.1023,0.53,0.0,NO
KIRC,Checkpoint,31,0.0553,0.0341,0.0763,0.47,0.0,NO
KIRC,Myeloid,31,0.1007,0.0797,0.1216,0.62,0.0,NO
KIRP,M2_Macrophage,31,0.1363,0.1158,0.1568,0.69,0.0,NO
KIRP,T_cell_exhaustion,31,0.0545,0.0337,0.0753,0.4,0.0,NO
KIRP,Cytolytic_activity,31,0.0002,-0.0207,0.0211,0.19,0.0,YES
KIRP,Treg,31,0.0544,0.0335,0.0752,0.37,0.0,NO
KIRP,IFN_gamma,31,0.0847,0.0639,0.1054,0.53,0.0,NO
KIRP,Checkpoint,31,0.06,0.0391,0.0808,0.47,0.0,NO
KIRP,Myeloid,31,0.1071,0.0864,0.1277,0.63,0.0,NO
LGG,M2_Macrophage,31,0.1241,0.1032,0.1449,0.65,0.0,NO
LGG,T_cell_exhaustion,31,0.0419,0.0208,0.063,0.37,0.0,NO
LGG,Cytolytic_activity,31,-0.012,-0.0331,0.0092,0.18,0.0,YES
LGG,Treg,31,0.0439,0.0228,0.065,0.36,0.0,NO
LGG,IFN_gamma,31,0.0789,0.0578,0.0999,0.52,0.0,NO
LGG,Checkpoint,31,0.0454,0.0243,0.0665,0.43,0.0,NO
LGG,Myeloid,31,0.0982,0.0773,0.1191,0.6,0.0,NO
LIHC,M2_Macrophage,31,0.1322,0.1116,0.1528,0.68,0.0,NO
LIHC,T_cell_exhaustion,31,0.0513,0.0304,0.0722,0.4,0.0,NO
LIHC,Cytolytic_activity,31,-0.0038,-0.0247,0.0172,0.2,0.0,YES
LIHC,Treg,31,0.0496,0.0287,0.0705,0.38,0.0,NO
LIHC,IFN_gamma,31,0.0799,0.059,0.1007,0.52,0.0,NO
LIHC,Checkpoint,31,0.0564,0.0354,0.0772,0.47,0.0,NO
LIHC,Myeloid,31,0.1076,0.0868,0.1283,0.63,0.0,NO
LUAD,M2_Macrophage,31,0.1436,0.1228,0.1643,0.67,0.0,NO
LUAD,T_cell_exhaustion,31,0.0569,0.0358,0.078,0.39,0.0,NO
LUAD,Cytolytic_activity,31,-0.0042,-0.0254,0.0169,0.2,0.0,YES
LUAD,Treg,31,0.0573,0.0362,0.0784,0.37,0.0,NO
LUAD,IFN_gamma,31,0.0859,0.0648,0.1068,0.53,0.0,NO
LUAD,Checkpoint,31,0.0619,0.0408,0.083,0.46,0.0,NO
LUAD,Myeloid,31,0.1121,0.0911,0.1329,0.64,0.0,NO
LUSC,M2_Macrophage,31,0.1433,0.1226,0.164,0.67,0.0,NO
LUSC,T_cell_exhaustion,31,0.0626,0.0415,0.0836,0.37,0.0,NO
LUSC,Cytolytic_activity,31,0.0053,-0.0158,0.0264,0.18,0.0,YES
LUSC,Treg,31,0.0624,0.0413,0.0834,0.34,0.0,NO
LUSC,IFN_gamma,31,0.0956,0.0746,0.1165,0.49,0.0,NO
LUSC,Checkpoint,31,0.0674,0.0464,0.0885,0.44,0.0,NO
LUSC,Myeloid,31,0.1195,0.0986,0.1403,0.61,0.0,NO
MESO,M2_Macrophage,31,0.1373,0.117,0.1575,0.68,0.0,NO
MESO,T_cell_exhaustion,31,0.0547,0.0341,0.0753,0.39,0.0,NO
MESO,Cytolytic_activity,31,-0.0018,-0.0225,0.0188,0.2,0.0,YES
MESO,Treg,31,0.0541,0.0335,0.0747,0.35,0.0,NO
MESO,IFN_gamma,31,0.0862,0.0657,0.1066,0.52,0.0,NO
MESO,Checkpoint,31,0.0598,0.0392,0.0803,0.46,0.0,NO
MESO,Myeloid,31,0.1105,0.0901,0.1309,0.63,0.0,NO
OV,M2_Macrophage,31,0.1381,0.1174,0.1587,0.69,0.0,NO
OV,T_cell_exhaustion,31,0.054,0.033,0.075,0.4,0.0,NO
OV,Cytolytic_activity,31,-0.0031,-0.0242,0.0179,0.2,0.0,YES
OV,Treg,31,0.0519,0.0309,0.0728,0.38,0.0,NO
OV,IFN_gamma,31,0.0868,0.0659,0.1077,0.53,0.0,NO
OV,Checkpoint,31,0.0585,0.0375,0.0795,0.47,0.0,NO
OV,Myeloid,31,0.1107,0.0898,0.1314,0.64,0.0,NO
PAAD,M2_Macrophage,31,0.1392,0.1188,0.1595,0.67,0.0,NO
PAAD,T_cell_exhaustion,31,0.056,0.0353,0.0767,0.38,0.0,NO
PAAD,Cytolytic_activity,31,-0.0004,-0.0212,0.0204,0.19,0.0,YES
PAAD,Treg,31,0.0534,0.0327,0.0741,0.38,0.0,NO
PAAD,IFN_gamma,31,0.0864,0.0658,0.107,0.53,0.0,NO
PAAD,Checkpoint,31,0.0605,0.0398,0.0812,0.46,0.0,NO
PAAD,Myeloid,31,0.1114,0.0908,0.1318,0.63,0.0,NO
PCPG,M2_Macrophage,31,0.1317,0.1113,0.1521,0.63,0.0,NO
PCPG,T_cell_exhaustion,31,0.0482,0.0275,0.0689,0.31,0.0,NO
PCPG,Cytolytic_activity,31,-0.0047,-0.0255,0.016,0.18,0.0,YES
PCPG,Treg,31,0.0484,0.0276,0.069,0.34,0.0,NO
PCPG,IFN_gamma,31,0.0808,0.0601,0.1014,0.48,0.0,NO
PCPG,Checkpoint,31,0.0529,0.0321,0.0735,0.37,0.0,NO
PCPG,Myeloid,31,0.1035,0.083,0.124,0.53,0.0,NO
PRAD,M2_Macrophage,31,0.1324,0.1116,0.1531,0.69,0.0,NO
PRAD,T_cell_exhaustion,31,0.0533,0.0322,0.0744,0.4,0.0,NO
PRAD,Cytolytic_activity,31,-0.0022,-0.0234,0.0189,0.2,0.0,YES
PRAD,Treg,31,0.0502,0.0291,0.0712,0.38,0.0,NO
PRAD,IFN_gamma,31,0.0808,0.0598,0.1018,0.53,0.0,NO
PRAD,Checkpoint,31,0.0592,0.0381,0.0802,0.47,0.0,NO
PRAD,Myeloid,31,0.1075,0.0866,0.1283,0.64,0.0,NO
READ,M2_Macrophage,31,0.1372,0.1169,0.1574,0.69,0.0,NO
READ,T_cell_exhaustion,31,0.0539,0.0333,0.0745,0.4,0.0,NO
READ,Cytolytic_activity,31,-0.0023,-0.023,0.0183,0.2,0.0,YES
READ,Treg,31,0.0523,0.0317,0.0729,0.38,0.0,NO
READ,IFN_gamma,31,0.0855,0.0649,0.106,0.53,0.0,NO
READ,Checkpoint,31,0.0591,0.0385,0.0797,0.47,0.0,NO
READ,Myeloid,31,0.1104,0.09,0.1308,0.63,0.0,NO
SARC,M2_Macrophage,31,0.1411,0.1207,0.1615,0.66,0.0,NO
SARC,T_cell_exhaustion,31,0.0558,0.035,0.0766,0.39,0.0,NO
SARC,Cytolytic_activity,31,-0.0008,-0.0217,0.02,0.19,0.0,YES
SARC,Treg,31,0.0551,0.0343,0.0758,0.37,0.0,NO
SARC,IFN_gamma,31,0.0867,0.066,0.1074,0.53,0.0,NO
SARC,Checkpoint,31,0.0614,0.0406,0.0821,0.46,0.0,NO
SARC,Myeloid,31,0.115,0.0944,0.1356,0.6,0.0,NO
SKCM,M2_Macrophage,31,0.1351,0.1147,0.1553,0.67,0.0,NO
SKCM,T_cell_exhaustion,31,0.0536,0.033,0.0742,0.4,0.0,NO
SKCM,Cytolytic_activity,31,-0.0024,-0.0231,0.0183,0.2,0.0,YES
SKCM,Treg,31,0.0524,0.0318,0.073,0.38,0.0,NO
SKCM,IFN_gamma,31,0.0858,0.0653,0.1063,0.53,0.0,NO
SKCM,Checkpoint,31,0.0588,0.0382,0.0794,0.47,0.0,NO
SKCM,Myeloid,31,0.1085,0.0881,0.1289,0.62,0.0,NO
STAD,M2_Macrophage,31,0.1434,0.1228,0.164,0.66,0.0,NO
STAD,T_cell_exhaustion,31,0.0577,0.0367,0.0786,0.39,0.0,NO
STAD,Cytolytic_activity,31,-0.0013,-0.0224,0.0197,0.2,0.0,YES
STAD,Treg,31,0.056,0.035,0.077,0.37,0.0,NO
STAD,IFN_gamma,31,0.0909,0.07,0.1117,0.51,0.0,NO
STAD,Checkpoint,31,0.0614,0.0404,0.0823,0.46,0.0,NO
STAD,Myeloid,31,0.114,0.0932,0.1347,0.63,0.0,NO
TGCT,M2_Macrophage,31,0.1381,0.1177,0.1583,0.68,0.0,NO
TGCT,T_cell_exhaustion,31,0.0552,0.0345,0.0758,0.39,0.0,NO
TGCT,Cytolytic_activity,31,-0.0031,-0.0238,0.0176,0.2,0.0,YES
TGCT,Treg,31,0.0549,0.0342,0.0755,0.36,0.0,NO
TGCT,IFN_gamma,31,0.0865,0.0659,0.1071,0.52,0.0,NO
TGCT,Checkpoint,31,0.06,0.0393,0.0806,0.46,0.0,NO
TGCT,Myeloid,31,0.1121,0.0916,0.1326,0.62,0.0,NO
THCA,M2_Macrophage,31,0.1373,0.1165,0.158,0.69,0.0,NO
THCA,T_cell_exhaustion,31,0.0547,0.0336,0.0758,0.4,0.0,NO
THCA,Cytolytic_activity,31,-0.001,-0.0221,0.0202,0.2,0.0,YES
THCA,Treg,31,0.0523,0.0312,0.0734,0.38,0.0,NO
THCA,IFN_gamma,31,0.0867,0.0657,0.1076,0.53,0.0,NO
THCA,Checkpoint,31,0.0597,0.0386,0.0807,0.47,0.0,NO
THCA,Myeloid,31,0.1105,0.0895,0.1313,0.64,0.0,NO
THYM,M2_Macrophage,31,0.131,0.1106,0.1513,0.5,0.0,NO
THYM,T_cell_exhaustion,31,0.0509,0.0303,0.0716,0.34,0.0,NO
THYM,Cytolytic_activity,31,-0.0034,-0.024,0.0173,0.19,0.0,YES
THYM,Treg,31,0.0504,0.0298,0.071,0.35,0.0,NO
THYM,IFN_gamma,31,0.0797,0.0591,0.1002,0.33,0.0,NO
THYM,Checkpoint,31,0.0561,0.0355,0.0767,0.42,0.0,NO
THYM,Myeloid,31,0.1057,0.0852,0.1261,0.53,0.0,NO
UCEC,M2_Macrophage,31,0.1353,0.1148,0.1556,0.69,0.0,NO
UCEC,T_cell_exhaustion,31,0.0534,0.0327,0.0741,0.4,0.0,NO
UCEC,Cytolytic_activity,31,-0.0026,-0.0233,0.0182,0.2,0.0,YES
UCEC,Treg,31,0.0529,0.0322,0.0736,0.38,0.0,NO
UCEC,IFN_gamma,31,0.0832,0.0626,0.1038,0.52,0.0,NO
UCEC,Checkpoint,31,0.0597,0.039,0.0803,0.47,0.0,NO
UCEC,Myeloid,31,0.1093,0.0888,0.1298,0.64,0.0,NO
UCS,M2_Macrophage,31,0.1354,0.1151,0.1555,0.65,0.0,NO
UCS,T_cell_exhaustion,31,0.053,0.0324,0.0735,0.37,0.0,NO
UCS,Cytolytic_activity,31,-0.0032,-0.0238,0.0174,0.18,0.0,YES
UCS,Treg,31,0.0516,0.031,0.0722,0.36,0.0,NO
UCS,IFN_gamma,31,0.0837,0.0631,0.1041,0.44,0.0,NO
UCS,Checkpoint,31,0.058,0.0374,0.0785,0.44,0.0,NO
UCS,Myeloid,31,0.1085,0.0881,0.1288,0.58,0.0,NO
UVM,M2_Macrophage,31,0.1381,0.1178,0.1583,0.65,0.0,NO
UVM,T_cell_exhaustion,31,0.0545,0.0339,0.0751,0.39,0.0,NO
UVM,Cytolytic_activity,31,-0.0023,-0.023,0.0183,0.2,0.0,YES
UVM,Treg,31,0.0529,0.0323,0.0735,0.38,0.0,NO
UVM,IFN_gamma,31,0.0865,0.0659,0.1069,0.51,0.0,NO
UVM,Checkpoint,31,0.0595,0.0389,0.08,0.47,0.0,NO
UVM,Myeloid,31,0.1116,0.0912,0.132,0.59,0.0,NO
