Analysis,Score,Split,K,Pooled_rho,CI_low,CI_high,Q,I2,Train_rho,Val_rho,Same_direction,Val_CI_crosses_zero
BASELINE,score_M2_Macrophage,all_32,32,0.1366,0.1163,0.1567,136.39,0.773,,,,
BASELINE,score_Myeloid,all_32,32,0.1099,0.0895,0.1301,120.59,0.743,,,,
LOCO,score_M2_Macrophage,leave:ACC,31,0.1366,0.1163,0.1568,136.39,0.78,,,,
LOCO,score_Myeloid,leave:ACC,31,0.111,0.0906,0.1313,119.19,0.748,,,,
LOCO,score_M2_Macrophage,leave:BLCA,31,0.1425,0.1218,0.163,129.2,0.768,,,,
LOCO,score_Myeloid,leave:BLCA,31,0.1125,0.0917,0.1332,119.2,0.748,,,,
LOCO,score_M2_Macrophage,leave:BRCA,31,0.1385,0.1169,0.1599,136.14,0.78,,,,
LOCO,score_Myeloid,leave:BRCA,31,0.1113,0.0896,0.1329,120.45,0.751,,,,
LOCO,score_M2_Macrophage,leave:CESC,31,0.1382,0.1177,0.1587,135.61,0.779,,,,
LOCO,score_Myeloid,leave:CESC,31,0.1123,0.0916,0.1329,119.01,0.748,,,,
LOCO,score_M2_Macrophage,leave:CHOL,31,0.136,0.1157,0.1562,135.6,0.779,,,,
LOCO,score_Myeloid,leave:CHOL,31,0.1094,0.089,0.1297,120.04,0.75,,,,
LOCO,score_M2_Macrophage,leave:COAD,31,0.1366,0.1161,0.1571,136.39,0.78,,,,
LOCO,score_Myeloid,leave:COAD,31,0.1089,0.0882,0.1295,120.33,0.751,,,,
LOCO,score_M2_Macrophage,leave:DLBC,31,0.1358,0.1155,0.156,135.23,0.778,,,,
LOCO,score_Myeloid,leave:DLBC,31,0.1098,0.0894,0.1301,120.57,0.751,,,,
LOCO,score_M2_Macrophage,leave:ESCA,31,0.1398,0.1194,0.1601,131.49,0.772,,,,
LOCO,score_Myeloid,leave:ESCA,31,0.1127,0.0922,0.1332,116.72,0.743,,,,
LOCO,score_M2_Macrophage,leave:GBM,31,0.1363,0.1159,0.1566,136.37,0.78,,,,
LOCO,score_Myeloid,leave:GBM,31,0.1094,0.0888,0.1298,120.45,0.751,,,,
LOCO,score_M2_Macrophage,leave:HNSC,31,0.1336,0.1128,0.1544,135.06,0.778,,,,
LOCO,score_Myeloid,leave:HNSC,31,0.1124,0.0915,0.1332,119.59,0.749,,,,
LOCO,score_M2_Macrophage,leave:KICH,31,0.1378,0.1175,0.158,134.24,0.777,,,,
LOCO,score_Myeloid,leave:KICH,31,0.1116,0.0911,0.1319,116.78,0.743,,,,
LOCO,score_M2_Macrophage,leave:KIRC,31,0.1279,0.107,0.1487,124.86,0.76,,,,
LOCO,score_Myeloid,leave:KIRC,31,0.1007,0.0797,0.1216,107.77,0.722,,,,
LOCO,score_M2_Macrophage,leave:KIRP,31,0.1363,0.1158,0.1568,136.38,0.78,,,,
LOCO,score_Myeloid,leave:KIRP,31,0.1071,0.0864,0.1277,118.42,0.747,,,,
LOCO,score_M2_Macrophage,leave:LGG,31,0.1241,0.1032,0.1449,111.65,0.731,,,,
LOCO,score_Myeloid,leave:LGG,31,0.0982,0.0773,0.1191,99.28,0.698,,,,
LOCO,score_M2_Macrophage,leave:LIHC,31,0.1322,0.1116,0.1528,132.17,0.773,,,,
LOCO,score_Myeloid,leave:LIHC,31,0.1076,0.0868,0.1283,119.42,0.749,,,,
LOCO,score_M2_Macrophage,leave:LUAD,31,0.1436,0.1228,0.1643,128.52,0.767,,,,
LOCO,score_Myeloid,leave:LUAD,31,0.1121,0.0911,0.1329,119.82,0.75,,,,
LOCO,score_M2_Macrophage,leave:LUSC,31,0.1433,0.1226,0.164,128.85,0.767,,,,
LOCO,score_Myeloid,leave:LUSC,31,0.1195,0.0986,0.1403,105.44,0.715,,,,
LOCO,score_M2_Macrophage,leave:MESO,31,0.1373,0.117,0.1575,135.8,0.779,,,,
LOCO,score_Myeloid,leave:MESO,31,0.1105,0.0901,0.1309,120.19,0.75,,,,
LOCO,score_M2_Macrophage,leave:OV,31,0.1381,0.1174,0.1587,135.92,0.779,,,,
LOCO,score_Myeloid,leave:OV,31,0.1107,0.0898,0.1314,120.47,0.751,,,,
LOCO,score_M2_Macrophage,leave:PAAD,31,0.1392,0.1188,0.1595,133.12,0.775,,,,
LOCO,score_Myeloid,leave:PAAD,31,0.1114,0.0908,0.1318,119.54,0.749,,,,
LOCO,score_M2_Macrophage,leave:PCPG,31,0.1317,0.1113,0.1521,125.06,0.76,,,,
LOCO,score_Myeloid,leave:PCPG,31,0.1035,0.083,0.124,101.52,0.704,,,,
LOCO,score_M2_Macrophage,leave:PRAD,31,0.1324,0.1116,0.1531,133.51,0.775,,,,
LOCO,score_Myeloid,leave:PRAD,31,0.1075,0.0866,0.1283,119.67,0.749,,,,
LOCO,score_M2_Macrophage,leave:READ,31,0.1372,0.1169,0.1574,136.0,0.779,,,,
LOCO,score_Myeloid,leave:READ,31,0.1104,0.09,0.1308,120.29,0.751,,,,
LOCO,score_M2_Macrophage,leave:SARC,31,0.1411,0.1207,0.1615,129.5,0.768,,,,
LOCO,score_Myeloid,leave:SARC,31,0.115,0.0944,0.1356,111.99,0.732,,,,
LOCO,score_M2_Macrophage,leave:SKCM,31,0.1351,0.1147,0.1553,134.44,0.777,,,,
LOCO,score_Myeloid,leave:SKCM,31,0.1085,0.0881,0.1289,119.1,0.748,,,,
LOCO,score_M2_Macrophage,leave:STAD,31,0.1434,0.1228,0.164,126.93,0.764,,,,
LOCO,score_Myeloid,leave:STAD,31,0.114,0.0932,0.1347,117.2,0.744,,,,
LOCO,score_M2_Macrophage,leave:TGCT,31,0.1381,0.1177,0.1583,135.1,0.778,,,,
LOCO,score_Myeloid,leave:TGCT,31,0.1121,0.0916,0.1326,117.61,0.745,,,,
LOCO,score_M2_Macrophage,leave:THCA,31,0.1373,0.1165,0.158,136.31,0.78,,,,
LOCO,score_Myeloid,leave:THCA,31,0.1105,0.0895,0.1313,120.53,0.751,,,,
LOCO,score_M2_Macrophage,leave:THYM,31,0.131,0.1106,0.1513,113.86,0.737,,,,
LOCO,score_Myeloid,leave:THYM,31,0.1057,0.0852,0.1261,107.99,0.722,,,,
LOCO,score_M2_Macrophage,leave:UCEC,31,0.1353,0.1148,0.1556,135.59,0.779,,,,
LOCO,score_Myeloid,leave:UCEC,31,0.1093,0.0888,0.1298,120.44,0.751,,,,
LOCO,score_M2_Macrophage,leave:UCS,31,0.1354,0.1151,0.1555,134.14,0.776,,,,
LOCO,score_Myeloid,leave:UCS,31,0.1085,0.0881,0.1288,117.7,0.745,,,,
LOCO,score_M2_Macrophage,leave:UVM,31,0.1381,0.1178,0.1583,133.68,0.776,,,,
LOCO,score_Myeloid,leave:UVM,31,0.1116,0.0912,0.132,117.12,0.744,,,,
L2CO,score_M2_Macrophage,leave:ACC+BLCA,30,0.1426,0.1218,0.1632,129.19,0.776,,,,
L2CO,score_Myeloid,leave:ACC+BLCA,30,0.1137,0.0928,0.1345,117.74,0.754,,,,
L2CO,score_M2_Macrophage,leave:ACC+BRCA,30,0.1385,0.1169,0.16,136.13,0.787,,,,
L2CO,score_Myeloid,leave:ACC+BRCA,30,0.1126,0.0908,0.1343,119.02,0.756,,,,
L2CO,score_M2_Macrophage,leave:ACC+CESC,30,0.1383,0.1176,0.1588,135.61,0.786,,,,
L2CO,score_Myeloid,leave:ACC+CESC,30,0.1134,0.0927,0.1341,117.56,0.753,,,,
L2CO,score_M2_Macrophage,leave:ACC+CHOL,30,0.136,0.1157,0.1562,135.6,0.786,,,,
L2CO,score_Myeloid,leave:ACC+CHOL,30,0.1105,0.09,0.1309,118.65,0.756,,,,
L2CO,score_M2_Macrophage,leave:ACC+COAD,30,0.1366,0.116,0.1571,136.39,0.787,,,,
L2CO,score_Myeloid,leave:ACC+COAD,30,0.1101,0.0893,0.1307,118.95,0.756,,,,
L2CO,score_M2_Macrophage,leave:ACC+DLBC,30,0.1358,0.1154,0.156,135.23,0.786,,,,
L2CO,score_Myeloid,leave:ACC+DLBC,30,0.1109,0.0904,0.1313,119.17,0.757,,,,
L2CO,score_M2_Macrophage,leave:ACC+ESCA,30,0.1398,0.1193,0.1602,131.48,0.779,,,,
L2CO,score_Myeloid,leave:ACC+ESCA,30,0.1139,0.0933,0.1344,115.27,0.748,,,,
L2CO,score_M2_Macrophage,leave:ACC+GBM,30,0.1363,0.1159,0.1567,136.37,0.787,,,,
L2CO,score_Myeloid,leave:ACC+GBM,30,0.1105,0.0899,0.131,119.06,0.756,,,,
L2CO,score_M2_Macrophage,leave:ACC+HNSC,30,0.1336,0.1127,0.1544,135.06,0.785,,,,
L2CO,score_Myeloid,leave:ACC+HNSC,30,0.1136,0.0926,0.1345,118.14,0.755,,,,
L2CO,score_M2_Macrophage,leave:ACC+KICH,30,0.1378,0.1175,0.1581,134.24,0.784,,,,
L2CO,score_Myeloid,leave:ACC+KICH,30,0.1127,0.0922,0.1331,115.34,0.749,,,,
L2CO,score_M2_Macrophage,leave:ACC+KIRC,30,0.1278,0.1068,0.1487,124.85,0.768,,,,
L2CO,score_Myeloid,leave:ACC+KIRC,30,0.1018,0.0807,0.1228,106.56,0.728,,,,
L2CO,score_M2_Macrophage,leave:ACC+KIRP,30,0.1363,0.1157,0.1569,136.38,0.787,,,,
L2CO,score_Myeloid,leave:ACC+KIRP,30,0.1082,0.0875,0.1289,117.07,0.752,,,,
L2CO,score_M2_Macrophage,leave:ACC+LGG,30,0.124,0.103,0.1449,111.64,0.74,,,,
L2CO,score_Myeloid,leave:ACC+LGG,30,0.0993,0.0782,0.1203,98.11,0.704,,,,
L2CO,score_M2_Macrophage,leave:ACC+LIHC,30,0.1322,0.1114,0.1528,132.17,0.781,,,,
L2CO,score_Myeloid,leave:ACC+LIHC,30,0.1087,0.0878,0.1295,118.07,0.754,,,,
L2CO,score_M2_Macrophage,leave:ACC+LUAD,30,0.1437,0.1228,0.1644,128.52,0.774,,,,
L2CO,score_Myeloid,leave:ACC+LUAD,30,0.1133,0.0923,0.1342,118.38,0.755,,,,
L2CO,score_M2_Macrophage,leave:ACC+LUSC,30,0.1434,0.1225,0.1641,128.84,0.775,,,,
L2CO,score_Myeloid,leave:ACC+LUSC,30,0.1208,0.0998,0.1417,103.84,0.721,,,,
L2CO,score_M2_Macrophage,leave:ACC+MESO,30,0.1373,0.1169,0.1576,135.8,0.786,,,,
L2CO,score_Myeloid,leave:ACC+MESO,30,0.1116,0.0911,0.1321,118.78,0.756,,,,
L2CO,score_M2_Macrophage,leave:ACC+OV,30,0.1381,0.1173,0.1588,135.92,0.787,,,,
L2CO,score_Myeloid,leave:ACC+OV,30,0.1118,0.0909,0.1326,119.05,0.756,,,,
L2CO,score_M2_Macrophage,leave:ACC+PAAD,30,0.1392,0.1187,0.1596,133.11,0.782,,,,
L2CO,score_Myeloid,leave:ACC+PAAD,30,0.1125,0.0919,0.133,118.11,0.754,,,,
L2CO,score_M2_Macrophage,leave:ACC+PCPG,30,0.1317,0.1111,0.1521,125.06,0.768,,,,
L2CO,score_Myeloid,leave:ACC+PCPG,30,0.1046,0.084,0.1252,100.25,0.711,,,,
L2CO,score_M2_Macrophage,leave:ACC+PRAD,30,0.1323,0.1114,0.1531,133.51,0.783,,,,
L2CO,score_Myeloid,leave:ACC+PRAD,30,0.1087,0.0876,0.1296,118.32,0.755,,,,
L2CO,score_M2_Macrophage,leave:ACC+READ,30,0.1372,0.1168,0.1575,136.0,0.787,,,,
L2CO,score_Myeloid,leave:ACC+READ,30,0.1116,0.091,0.132,118.88,0.756,,,,
L2CO,score_M2_Macrophage,leave:ACC+SARC,30,0.1412,0.1206,0.1617,129.5,0.776,,,,
L2CO,score_Myeloid,leave:ACC+SARC,30,0.1162,0.0955,0.1368,110.48,0.738,,,,
L2CO,score_M2_Macrophage,leave:ACC+SKCM,30,0.135,0.1146,0.1554,134.44,0.784,,,,
L2CO,score_Myeloid,leave:ACC+SKCM,30,0.1097,0.0891,0.1301,117.73,0.754,,,,
L2CO,score_M2_Macrophage,leave:ACC+STAD,30,0.1435,0.1228,0.1641,126.92,0.772,,,,
L2CO,score_Myeloid,leave:ACC+STAD,30,0.1152,0.0943,0.136,115.72,0.749,,,,
L2CO,score_M2_Macrophage,leave:ACC+TGCT,30,0.1381,0.1176,0.1584,135.1,0.785,,,,
L2CO,score_Myeloid,leave:ACC+TGCT,30,0.1133,0.0927,0.1338,116.16,0.75,,,,
L2CO,score_M2_Macrophage,leave:ACC+THCA,30,0.1373,0.1164,0.1581,136.31,0.787,,,,
L2CO,score_Myeloid,leave:ACC+THCA,30,0.1116,0.0906,0.1326,119.12,0.757,,,,
L2CO,score_M2_Macrophage,leave:ACC+THYM,30,0.131,0.1105,0.1513,113.86,0.745,,,,
L2CO,score_Myeloid,leave:ACC+THYM,30,0.1068,0.0862,0.1273,106.68,0.728,,,,
L2CO,score_M2_Macrophage,leave:ACC+UCEC,30,0.1353,0.1147,0.1557,135.59,0.786,,,,
L2CO,score_Myeloid,leave:ACC+UCEC,30,0.1104,0.0898,0.131,119.06,0.756,,,,
L2CO,score_M2_Macrophage,leave:ACC+UCS,30,0.1354,0.115,0.1556,134.14,0.784,,,,
L2CO,score_Myeloid,leave:ACC+UCS,30,0.1096,0.0891,0.13,116.33,0.751,,,,
L2CO,score_M2_Macrophage,leave:ACC+UVM,30,0.1381,0.1177,0.1584,133.68,0.783,,,,
L2CO,score_Myeloid,leave:ACC+UVM,30,0.1128,0.0923,0.1332,115.69,0.749,,,,
L2CO,score_M2_Macrophage,leave:BLCA+BRCA,30,0.1454,0.1233,0.1673,128.67,0.775,,,,
L2CO,score_Myeloid,leave:BLCA+BRCA,30,0.1144,0.0921,0.1365,118.98,0.756,,,,
L2CO,score_M2_Macrophage,leave:BLCA+CESC,30,0.1445,0.1235,0.1654,128.21,0.774,,,,
L2CO,score_Myeloid,leave:BLCA+CESC,30,0.1151,0.094,0.1362,117.5,0.753,,,,
L2CO,score_M2_Macrophage,leave:BLCA+CHOL,30,0.142,0.1212,0.1625,128.46,0.774,,,,
L2CO,score_Myeloid,leave:BLCA+CHOL,30,0.112,0.0912,0.1328,118.67,0.756,,,,
L2CO,score_M2_Macrophage,leave:BLCA+COAD,30,0.1428,0.1218,0.1637,129.18,0.776,,,,
L2CO,score_Myeloid,leave:BLCA+COAD,30,0.1116,0.0904,0.1327,118.99,0.756,,,,
L2CO,score_M2_Macrophage,leave:BLCA+DLBC,30,0.1417,0.121,0.1623,128.11,0.774,,,,
L2CO,score_Myeloid,leave:BLCA+DLBC,30,0.1124,0.0915,0.1332,119.18,0.757,,,,
L2CO,score_M2_Macrophage,leave:BLCA+ESCA,30,0.146,0.1251,0.1667,123.91,0.766,,,,
L2CO,score_Myeloid,leave:BLCA+ESCA,30,0.1156,0.0946,0.1365,115.19,0.748,,,,
L2CO,score_M2_Macrophage,leave:BLCA+GBM,30,0.1424,0.1215,0.1631,129.19,0.776,,,,
L2CO,score_Myeloid,leave:BLCA+GBM,30,0.112,0.091,0.1329,119.08,0.756,,,,
L2CO,score_M2_Macrophage,leave:BLCA+HNSC,30,0.1398,0.1185,0.161,128.17,0.774,,,,
L2CO,score_Myeloid,leave:BLCA+HNSC,30,0.1153,0.0939,0.1367,118.07,0.754,,,,
L2CO,score_M2_Macrophage,leave:BLCA+KICH,30,0.1439,0.1231,0.1645,126.9,0.771,,,,
L2CO,score_Myeloid,leave:BLCA+KICH,30,0.1143,0.0934,0.1351,115.3,0.748,,,,
L2CO,score_M2_Macrophage,leave:BLCA+KIRC,30,0.1338,0.1124,0.155,118.58,0.755,,,,
L2CO,score_Myeloid,leave:BLCA+KIRC,30,0.103,0.0815,0.1244,106.79,0.728,,,,
L2CO,score_M2_Macrophage,leave:BLCA+KIRP,30,0.1425,0.1215,0.1634,129.2,0.776,,,,
L2CO,score_Myeloid,leave:BLCA+KIRP,30,0.1097,0.0885,0.1308,117.16,0.752,,,,
L2CO,score_M2_Macrophage,leave:BLCA+LGG,30,0.1298,0.1085,0.1511,105.77,0.726,,,,
L2CO,score_Myeloid,leave:BLCA+LGG,30,0.1005,0.079,0.1219,98.4,0.705,,,,
L2CO,score_M2_Macrophage,leave:BLCA+LIHC,30,0.1382,0.1171,0.1592,125.44,0.769,,,,
L2CO,score_Myeloid,leave:BLCA+LIHC,30,0.1102,0.0889,0.1314,118.14,0.755,,,,
L2CO,score_M2_Macrophage,leave:BLCA+LUAD,30,0.1502,0.129,0.1714,120.49,0.759,,,,
L2CO,score_Myeloid,leave:BLCA+LUAD,30,0.115,0.0935,0.1363,118.32,0.755,,,,
L2CO,score_M2_Macrophage,leave:BLCA+LUSC,30,0.15,0.1287,0.1711,120.84,0.76,,,,
L2CO,score_Myeloid,leave:BLCA+LUSC,30,0.1228,0.1014,0.1441,103.53,0.72,,,,
L2CO,score_M2_Macrophage,leave:BLCA+MESO,30,0.1434,0.1226,0.164,128.52,0.774,,,,
L2CO,score_Myeloid,leave:BLCA+MESO,30,0.1132,0.0923,0.134,118.77,0.756,,,,
L2CO,score_M2_Macrophage,leave:BLCA+OV,30,0.1444,0.1233,0.1655,128.53,0.774,,,,
L2CO,score_Myeloid,leave:BLCA+OV,30,0.1135,0.0921,0.1347,119.04,0.756,,,,
L2CO,score_M2_Macrophage,leave:BLCA+PAAD,30,0.1454,0.1245,0.1661,125.61,0.769,,,,
L2CO,score_Myeloid,leave:BLCA+PAAD,30,0.1141,0.0931,0.135,118.07,0.754,,,,
L2CO,score_M2_Macrophage,leave:BLCA+PCPG,30,0.1376,0.1167,0.1583,118.39,0.755,,,,
L2CO,score_Myeloid,leave:BLCA+PCPG,30,0.1059,0.0849,0.1269,100.42,0.711,,,,
L2CO,score_M2_Macrophage,leave:BLCA+PRAD,30,0.1385,0.1172,0.1597,126.76,0.771,,,,
L2CO,score_Myeloid,leave:BLCA+PRAD,30,0.1102,0.0887,0.1315,118.39,0.755,,,,
L2CO,score_M2_Macrophage,leave:BLCA+READ,30,0.1432,0.1225,0.1639,128.73,0.775,,,,
L2CO,score_Myeloid,leave:BLCA+READ,30,0.1131,0.0922,0.1339,118.87,0.756,,,,
L2CO,score_M2_Macrophage,leave:BLCA+SARC,30,0.1475,0.1265,0.1683,121.77,0.762,,,,
L2CO,score_Myeloid,leave:BLCA+SARC,30,0.118,0.0969,0.139,110.33,0.737,,,,
L2CO,score_M2_Macrophage,leave:BLCA+SKCM,30,0.141,0.1202,0.1617,127.41,0.772,,,,
L2CO,score_Myeloid,leave:BLCA+SKCM,30,0.1111,0.0902,0.132,117.77,0.754,,,,
L2CO,score_M2_Macrophage,leave:BLCA+STAD,30,0.15,0.1289,0.171,118.91,0.756,,,,
L2CO,score_Myeloid,leave:BLCA+STAD,30,0.117,0.0957,0.1382,115.6,0.749,,,,
L2CO,score_M2_Macrophage,leave:BLCA+TGCT,30,0.1442,0.1233,0.1649,127.73,0.773,,,,
L2CO,score_Myeloid,leave:BLCA+TGCT,30,0.1149,0.094,0.1358,116.1,0.75,,,,
L2CO,score_M2_Macrophage,leave:BLCA+THCA,30,0.1436,0.1223,0.1648,129.01,0.775,,,,
L2CO,score_Myeloid,leave:BLCA+THCA,30,0.1133,0.0918,0.1346,119.11,0.757,,,,
L2CO,score_M2_Macrophage,leave:BLCA+THYM,30,0.1368,0.1159,0.1575,107.27,0.73,,,,
L2CO,score_Myeloid,leave:BLCA+THYM,30,0.1082,0.0872,0.129,106.8,0.728,,,,
L2CO,score_M2_Macrophage,leave:BLCA+UCEC,30,0.1413,0.1204,0.162,128.53,0.774,,,,
L2CO,score_Myeloid,leave:BLCA+UCEC,30,0.112,0.091,0.1329,119.08,0.756,,,,
L2CO,score_M2_Macrophage,leave:BLCA+UCS,30,0.1413,0.1206,0.1619,127.07,0.772,,,,
L2CO,score_Myeloid,leave:BLCA+UCS,30,0.1111,0.0902,0.1319,116.37,0.751,,,,
L2CO,score_M2_Macrophage,leave:BLCA+UVM,30,0.1442,0.1234,0.1648,126.3,0.77,,,,
L2CO,score_Myeloid,leave:BLCA+UVM,30,0.1144,0.0935,0.1352,115.64,0.749,,,,
L2CO,score_M2_Macrophage,leave:BRCA+CESC,30,0.1405,0.1185,0.1623,135.29,0.786,,,,
L2CO,score_Myeloid,leave:BRCA+CESC,30,0.1141,0.092,0.1361,118.8,0.756,,,,
L2CO,score_M2_Macrophage,leave:BRCA+CHOL,30,0.1379,0.1163,0.1593,135.36,0.786,,,,
L2CO,score_Myeloid,leave:BRCA+CHOL,30,0.1108,0.089,0.1324,119.91,0.758,,,,
L2CO,score_M2_Macrophage,leave:BRCA+COAD,30,0.1386,0.1167,0.1604,136.13,0.787,,,,
L2CO,score_Myeloid,leave:BRCA+COAD,30,0.1103,0.0882,0.1323,120.22,0.759,,,,
L2CO,score_M2_Macrophage,leave:BRCA+DLBC,30,0.1376,0.116,0.1591,135.0,0.785,,,,
L2CO,score_Myeloid,leave:BRCA+DLBC,30,0.1112,0.0894,0.1328,120.43,0.759,,,,
L2CO,score_M2_Macrophage,leave:BRCA+ESCA,30,0.1422,0.1204,0.1638,131.09,0.779,,,,
L2CO,score_Myeloid,leave:BRCA+ESCA,30,0.1146,0.0927,0.1364,116.5,0.751,,,,
L2CO,score_M2_Macrophage,leave:BRCA+GBM,30,0.1383,0.1165,0.1599,136.11,0.787,,,,
L2CO,score_Myeloid,leave:BRCA+GBM,30,0.1108,0.0889,0.1325,120.32,0.759,,,,
L2CO,score_M2_Macrophage,leave:BRCA+HNSC,30,0.1353,0.113,0.1575,134.9,0.785,,,,
L2CO,score_Myeloid,leave:BRCA+HNSC,30,0.1143,0.0919,0.1366,119.38,0.757,,,,
L2CO,score_M2_Macrophage,leave:BRCA+KICH,30,0.1399,0.1183,0.1614,133.93,0.783,,,,
L2CO,score_Myeloid,leave:BRCA+KICH,30,0.1132,0.0915,0.1349,116.59,0.751,,,,
L2CO,score_M2_Macrophage,leave:BRCA+KIRC,30,0.1287,0.1063,0.1509,124.82,0.768,,,,
L2CO,score_Myeloid,leave:BRCA+KIRC,30,0.1008,0.0784,0.1232,107.77,0.731,,,,
L2CO,score_M2_Macrophage,leave:BRCA+KIRP,30,0.1383,0.1164,0.1601,136.13,0.787,,,,
L2CO,score_Myeloid,leave:BRCA+KIRP,30,0.1082,0.0861,0.1302,118.34,0.755,,,,
L2CO,score_M2_Macrophage,leave:BRCA+LGG,30,0.1244,0.102,0.1466,111.65,0.74,,,,
L2CO,score_Myeloid,leave:BRCA+LGG,30,0.0981,0.0756,0.1204,99.28,0.708,,,,
L2CO,score_M2_Macrophage,leave:BRCA+LIHC,30,0.1336,0.1115,0.1556,132.04,0.78,,,,
L2CO,score_Myeloid,leave:BRCA+LIHC,30,0.1087,0.0865,0.1309,119.33,0.757,,,,
L2CO,score_M2_Macrophage,leave:BRCA+LUAD,30,0.1467,0.1244,0.1688,127.94,0.773,,,,
L2CO,score_Myeloid,leave:BRCA+LUAD,30,0.1139,0.0915,0.1362,119.62,0.758,,,,
L2CO,score_M2_Macrophage,leave:BRCA+LUSC,30,0.1464,0.1242,0.1684,128.28,0.774,,,,
L2CO,score_Myeloid,leave:BRCA+LUSC,30,0.1225,0.1001,0.1447,104.93,0.724,,,,
L2CO,score_M2_Macrophage,leave:BRCA+MESO,30,0.1394,0.1177,0.1609,135.52,0.786,,,,
L2CO,score_Myeloid,leave:BRCA+MESO,30,0.112,0.0902,0.1337,120.04,0.758,,,,
L2CO,score_M2_Macrophage,leave:BRCA+OV,30,0.1404,0.1182,0.1624,135.6,0.786,,,,
L2CO,score_Myeloid,leave:BRCA+OV,30,0.1123,0.09,0.1344,120.31,0.759,,,,
L2CO,score_M2_Macrophage,leave:BRCA+PAAD,30,0.1415,0.1197,0.1631,132.75,0.782,,,,
L2CO,score_Myeloid,leave:BRCA+PAAD,30,0.113,0.0911,0.1348,119.35,0.757,,,,
L2CO,score_M2_Macrophage,leave:BRCA+PCPG,30,0.133,0.1112,0.1547,124.95,0.768,,,,
L2CO,score_Myeloid,leave:BRCA+PCPG,30,0.1041,0.0822,0.126,101.5,0.714,,,,
L2CO,score_M2_Macrophage,leave:BRCA+PRAD,30,0.1338,0.1116,0.156,133.38,0.783,,,,
L2CO,score_Myeloid,leave:BRCA+PRAD,30,0.1087,0.0863,0.131,119.59,0.758,,,,
L2CO,score_M2_Macrophage,leave:BRCA+READ,30,0.1392,0.1176,0.1608,135.72,0.786,,,,
L2CO,score_Myeloid,leave:BRCA+READ,30,0.112,0.0901,0.1337,120.13,0.759,,,,
L2CO,score_M2_Macrophage,leave:BRCA+SARC,30,0.1438,0.1219,0.1655,129.05,0.775,,,,
L2CO,score_Myeloid,leave:BRCA+SARC,30,0.1172,0.0952,0.1391,111.68,0.74,,,,
L2CO,score_M2_Macrophage,leave:BRCA+SKCM,30,0.1368,0.1151,0.1584,134.23,0.784,,,,
L2CO,score_Myeloid,leave:BRCA+SKCM,30,0.1098,0.088,0.1315,118.99,0.756,,,,
L2CO,score_M2_Macrophage,leave:BRCA+STAD,30,0.1465,0.1244,0.1684,126.35,0.77,,,,
L2CO,score_Myeloid,leave:BRCA+STAD,30,0.1161,0.0939,0.1382,116.93,0.752,,,,
L2CO,score_M2_Macrophage,leave:BRCA+TGCT,30,0.1402,0.1185,0.1618,134.78,0.785,,,,
L2CO,score_Myeloid,leave:BRCA+TGCT,30,0.1139,0.092,0.1357,117.4,0.753,,,,
L2CO,score_M2_Macrophage,leave:BRCA+THCA,30,0.1394,0.1172,0.1616,136.02,0.787,,,,
L2CO,score_Myeloid,leave:BRCA+THCA,30,0.1121,0.0897,0.1343,120.38,0.759,,,,
L2CO,score_M2_Macrophage,leave:BRCA+THYM,30,0.1322,0.1104,0.1538,113.77,0.745,,,,
L2CO,score_Myeloid,leave:BRCA+THYM,30,0.1066,0.0847,0.1283,107.94,0.731,,,,
L2CO,score_M2_Macrophage,leave:BRCA+UCEC,30,0.1371,0.1153,0.1587,135.38,0.786,,,,
L2CO,score_Myeloid,leave:BRCA+UCEC,30,0.1107,0.0888,0.1325,120.32,0.759,,,,
L2CO,score_M2_Macrophage,leave:BRCA+UCS,30,0.1371,0.1155,0.1587,133.92,0.783,,,,
L2CO,score_Myeloid,leave:BRCA+UCS,30,0.1098,0.088,0.1314,117.59,0.753,,,,
L2CO,score_M2_Macrophage,leave:BRCA+UVM,30,0.1403,0.1186,0.1618,133.36,0.783,,,,
L2CO,score_Myeloid,leave:BRCA+UVM,30,0.1133,0.0915,0.135,116.93,0.752,,,,
L2CO,score_M2_Macrophage,leave:CESC+CHOL,30,0.1377,0.1171,0.1582,134.83,0.785,,,,
L2CO,score_Myeloid,leave:CESC+CHOL,30,0.1118,0.0911,0.1324,118.48,0.755,,,,
L2CO,score_M2_Macrophage,leave:CESC+COAD,30,0.1384,0.1175,0.1591,135.61,0.786,,,,
L2CO,score_Myeloid,leave:CESC+COAD,30,0.1114,0.0904,0.1323,118.8,0.756,,,,
L2CO,score_M2_Macrophage,leave:CESC+DLBC,30,0.1375,0.1168,0.158,134.47,0.784,,,,
L2CO,score_Myeloid,leave:CESC+DLBC,30,0.1122,0.0914,0.1328,118.99,0.756,,,,
L2CO,score_M2_Macrophage,leave:CESC+ESCA,30,0.1416,0.1209,0.1622,130.6,0.778,,,,
L2CO,score_Myeloid,leave:CESC+ESCA,30,0.1153,0.0944,0.1361,115.02,0.748,,,,
L2CO,score_M2_Macrophage,leave:CESC+GBM,30,0.138,0.1173,0.1587,135.59,0.786,,,,
L2CO,score_Myeloid,leave:CESC+GBM,30,0.1118,0.0909,0.1326,118.89,0.756,,,,
L2CO,score_M2_Macrophage,leave:CESC+HNSC,30,0.1353,0.1141,0.1564,134.37,0.784,,,,
L2CO,score_Myeloid,leave:CESC+HNSC,30,0.115,0.0937,0.1363,117.9,0.754,,,,
L2CO,score_M2_Macrophage,leave:CESC+KICH,30,0.1396,0.1189,0.1601,133.42,0.783,,,,
L2CO,score_Myeloid,leave:CESC+KICH,30,0.114,0.0933,0.1347,115.12,0.748,,,,
L2CO,score_M2_Macrophage,leave:CESC+KIRC,30,0.1294,0.1081,0.1505,124.32,0.767,,,,
L2CO,score_Myeloid,leave:CESC+KIRC,30,0.1029,0.0815,0.1242,106.58,0.728,,,,
L2CO,score_M2_Macrophage,leave:CESC+KIRP,30,0.1381,0.1172,0.1589,135.6,0.786,,,,
L2CO,score_Myeloid,leave:CESC+KIRP,30,0.1095,0.0885,0.1305,116.96,0.752,,,,
L2CO,score_M2_Macrophage,leave:CESC+LGG,30,0.1254,0.1042,0.1466,111.22,0.739,,,,
L2CO,score_Myeloid,leave:CESC+LGG,30,0.1004,0.079,0.1217,98.18,0.705,,,,
L2CO,score_M2_Macrophage,leave:CESC+LIHC,30,0.1338,0.1128,0.1547,131.52,0.779,,,,
L2CO,score_Myeloid,leave:CESC+LIHC,30,0.11,0.0889,0.1311,117.94,0.754,,,,
L2CO,score_M2_Macrophage,leave:CESC+LUAD,30,0.1456,0.1245,0.1666,127.5,0.773,,,,
L2CO,score_Myeloid,leave:CESC+LUAD,30,0.1147,0.0934,0.1359,118.14,0.755,,,,
L2CO,score_M2_Macrophage,leave:CESC+LUSC,30,0.1454,0.1242,0.1664,127.83,0.773,,,,
L2CO,score_Myeloid,leave:CESC+LUSC,30,0.1224,0.1012,0.1436,103.4,0.72,,,,
L2CO,score_M2_Macrophage,leave:CESC+MESO,30,0.1391,0.1184,0.1596,135.0,0.785,,,,
L2CO,score_Myeloid,leave:CESC+MESO,30,0.113,0.0922,0.1336,118.59,0.755,,,,
L2CO,score_M2_Macrophage,leave:CESC+OV,30,0.1399,0.1189,0.1609,135.09,0.785,,,,
L2CO,score_Myeloid,leave:CESC+OV,30,0.1132,0.092,0.1343,118.85,0.756,,,,
L2CO,score_M2_Macrophage,leave:CESC+PAAD,30,0.141,0.1202,0.1616,132.25,0.781,,,,
L2CO,score_Myeloid,leave:CESC+PAAD,30,0.1139,0.093,0.1347,117.89,0.754,,,,
L2CO,score_M2_Macrophage,leave:CESC+PCPG,30,0.1333,0.1125,0.1539,124.42,0.767,,,,
L2CO,score_Myeloid,leave:CESC+PCPG,30,0.1058,0.0849,0.1266,100.22,0.711,,,,
L2CO,score_M2_Macrophage,leave:CESC+PRAD,30,0.134,0.1128,0.1551,132.85,0.782,,,,
L2CO,score_Myeloid,leave:CESC+PRAD,30,0.11,0.0887,0.1312,118.2,0.755,,,,
L2CO,score_M2_Macrophage,leave:CESC+READ,30,0.1389,0.1183,0.1595,135.2,0.786,,,,
L2CO,score_Myeloid,leave:CESC+READ,30,0.1129,0.0921,0.1336,118.68,0.756,,,,
L2CO,score_M2_Macrophage,leave:CESC+SARC,30,0.143,0.1222,0.1638,128.57,0.774,,,,
L2CO,score_Myeloid,leave:CESC+SARC,30,0.1177,0.0967,0.1386,110.17,0.737,,,,
L2CO,score_M2_Macrophage,leave:CESC+SKCM,30,0.1367,0.116,0.1573,133.71,0.783,,,,
L2CO,score_Myeloid,leave:CESC+SKCM,30,0.1109,0.0901,0.1317,117.58,0.753,,,,
L2CO,score_M2_Macrophage,leave:CESC+STAD,30,0.1455,0.1244,0.1663,125.91,0.77,,,,
L2CO,score_Myeloid,leave:CESC+STAD,30,0.1167,0.0955,0.1378,115.43,0.749,,,,
L2CO,score_M2_Macrophage,leave:CESC+TGCT,30,0.1398,0.1191,0.1604,134.27,0.784,,,,
L2CO,score_Myeloid,leave:CESC+TGCT,30,0.1147,0.0938,0.1354,115.93,0.75,,,,
L2CO,score_M2_Macrophage,leave:CESC+THCA,30,0.1391,0.1179,0.1601,135.51,0.786,,,,
L2CO,score_Myeloid,leave:CESC+THCA,30,0.113,0.0917,0.1342,118.93,0.756,,,,
L2CO,score_M2_Macrophage,leave:CESC+THYM,30,0.1325,0.1118,0.1531,113.25,0.744,,,,
L2CO,score_Myeloid,leave:CESC+THYM,30,0.108,0.0871,0.1287,106.6,0.728,,,,
L2CO,score_M2_Macrophage,leave:CESC+UCEC,30,0.1369,0.1162,0.1576,134.85,0.785,,,,
L2CO,score_Myeloid,leave:CESC+UCEC,30,0.1118,0.0909,0.1326,118.89,0.756,,,,
L2CO,score_M2_Macrophage,leave:CESC+UCS,30,0.137,0.1164,0.1575,133.39,0.783,,,,
L2CO,score_Myeloid,leave:CESC+UCS,30,0.1109,0.0901,0.1315,116.18,0.75,,,,
L2CO,score_M2_Macrophage,leave:CESC+UVM,30,0.1399,0.1192,0.1604,132.84,0.782,,,,
L2CO,score_Myeloid,leave:CESC+UVM,30,0.1141,0.0934,0.1348,115.47,0.749,,,,
L2CO,score_M2_Macrophage,leave:CHOL+COAD,30,0.136,0.1155,0.1565,135.6,0.786,,,,
L2CO,score_Myeloid,leave:CHOL+COAD,30,0.1085,0.0877,0.1291,119.78,0.758,,,,
L2CO,score_M2_Macrophage,leave:CHOL+DLBC,30,0.1352,0.1149,0.1554,134.42,0.784,,,,
L2CO,score_Myeloid,leave:CHOL+DLBC,30,0.1093,0.0889,0.1297,120.02,0.758,,,,
L2CO,score_M2_Macrophage,leave:CHOL+ESCA,30,0.1392,0.1188,0.1596,130.72,0.778,,,,
L2CO,score_Myeloid,leave:CHOL+ESCA,30,0.1123,0.0917,0.1328,116.2,0.75,,,,
L2CO,score_M2_Macrophage,leave:CHOL+GBM,30,0.1358,0.1153,0.1561,135.57,0.786,,,,
L2CO,score_Myeloid,leave:CHOL+GBM,30,0.1089,0.0883,0.1294,119.9,0.758,,,,
L2CO,score_M2_Macrophage,leave:CHOL+HNSC,30,0.133,0.1122,0.1538,134.23,0.784,,,,
L2CO,score_Myeloid,leave:CHOL+HNSC,30,0.1119,0.0909,0.1328,119.07,0.756,,,,
L2CO,score_M2_Macrophage,leave:CHOL+KICH,30,0.1373,0.1169,0.1575,133.46,0.783,,,,
L2CO,score_Myeloid,leave:CHOL+KICH,30,0.1111,0.0906,0.1315,116.24,0.751,,,,
L2CO,score_M2_Macrophage,leave:CHOL+KIRC,30,0.1273,0.1063,0.1481,123.97,0.766,,,,
L2CO,score_Myeloid,leave:CHOL+KIRC,30,0.1001,0.0791,0.1211,107.14,0.729,,,,
L2CO,score_M2_Macrophage,leave:CHOL+KIRP,30,0.1358,0.1152,0.1562,135.58,0.786,,,,
L2CO,score_Myeloid,leave:CHOL+KIRP,30,0.1066,0.0859,0.1273,117.85,0.754,,,,
L2CO,score_M2_Macrophage,leave:CHOL+LGG,30,0.1235,0.1025,0.1443,110.72,0.738,,,,
L2CO,score_Myeloid,leave:CHOL+LGG,30,0.0977,0.0767,0.1187,98.63,0.706,,,,
L2CO,score_M2_Macrophage,leave:CHOL+LIHC,30,0.1316,0.1109,0.1522,131.32,0.779,,,,
L2CO,score_Myeloid,leave:CHOL+LIHC,30,0.1071,0.0863,0.1278,118.85,0.756,,,,
L2CO,score_M2_Macrophage,leave:CHOL+LUAD,30,0.143,0.1222,0.1637,127.8,0.773,,,,
L2CO,score_Myeloid,leave:CHOL+LUAD,30,0.1116,0.0906,0.1325,119.29,0.757,,,,
L2CO,score_M2_Macrophage,leave:CHOL+LUSC,30,0.1428,0.122,0.1635,128.12,0.774,,,,
L2CO,score_Myeloid,leave:CHOL+LUSC,30,0.1191,0.0982,0.1399,104.98,0.724,,,,
L2CO,score_M2_Macrophage,leave:CHOL+MESO,30,0.1368,0.1164,0.157,135.01,0.785,,,,
L2CO,score_Myeloid,leave:CHOL+MESO,30,0.11,0.0895,0.1304,119.65,0.758,,,,
L2CO,score_M2_Macrophage,leave:CHOL+OV,30,0.1375,0.1168,0.1582,135.14,0.785,,,,
L2CO,score_Myeloid,leave:CHOL+OV,30,0.1102,0.0893,0.131,119.93,0.758,,,,
L2CO,score_M2_Macrophage,leave:CHOL+PAAD,30,0.1386,0.1182,0.159,132.35,0.781,,,,
L2CO,score_Myeloid,leave:CHOL+PAAD,30,0.1109,0.0903,0.1314,119.0,0.756,,,,
L2CO,score_M2_Macrophage,leave:CHOL+PCPG,30,0.1311,0.1106,0.1515,124.21,0.767,,,,
L2CO,score_Myeloid,leave:CHOL+PCPG,30,0.1031,0.0824,0.1236,100.92,0.713,,,,
L2CO,score_M2_Macrophage,leave:CHOL+PRAD,30,0.1318,0.1109,0.1525,132.67,0.781,,,,
L2CO,score_Myeloid,leave:CHOL+PRAD,30,0.107,0.086,0.1279,119.1,0.757,,,,
L2CO,score_M2_Macrophage,leave:CHOL+READ,30,0.1366,0.1163,0.1569,135.21,0.786,,,,
L2CO,score_Myeloid,leave:CHOL+READ,30,0.11,0.0895,0.1304,119.74,0.758,,,,
L2CO,score_M2_Macrophage,leave:CHOL+SARC,30,0.1406,0.1201,0.161,128.75,0.775,,,,
L2CO,score_Myeloid,leave:CHOL+SARC,30,0.1146,0.0939,0.1351,111.49,0.74,,,,
L2CO,score_M2_Macrophage,leave:CHOL+SKCM,30,0.1345,0.1141,0.1548,133.63,0.783,,,,
L2CO,score_Myeloid,leave:CHOL+SKCM,30,0.1081,0.0876,0.1285,118.54,0.755,,,,
L2CO,score_M2_Macrophage,leave:CHOL+STAD,30,0.1429,0.1222,0.1635,126.2,0.77,,,,
L2CO,score_Myeloid,leave:CHOL+STAD,30,0.1135,0.0927,0.1343,116.69,0.751,,,,
L2CO,score_M2_Macrophage,leave:CHOL+TGCT,30,0.1375,0.1171,0.1578,134.32,0.784,,,,
L2CO,score_Myeloid,leave:CHOL+TGCT,30,0.1117,0.0911,0.1321,117.08,0.752,,,,
L2CO,score_M2_Macrophage,leave:CHOL+THCA,30,0.1367,0.1158,0.1574,135.52,0.786,,,,
L2CO,score_Myeloid,leave:CHOL+THCA,30,0.11,0.089,0.1308,119.99,0.758,,,,
L2CO,score_M2_Macrophage,leave:CHOL+THYM,30,0.1304,0.11,0.1507,113.01,0.743,,,,
L2CO,score_Myeloid,leave:CHOL+THYM,30,0.1052,0.0847,0.1257,107.41,0.73,,,,
L2CO,score_M2_Macrophage,leave:CHOL+UCEC,30,0.1347,0.1142,0.1551,134.78,0.785,,,,
L2CO,score_Myeloid,leave:CHOL+UCEC,30,0.1088,0.0882,0.1293,119.89,0.758,,,,
L2CO,score_M2_Macrophage,leave:CHOL+UCS,30,0.1348,0.1145,0.155,133.33,0.782,,,,
L2CO,score_Myeloid,leave:CHOL+UCS,30,0.108,0.0876,0.1284,117.14,0.752,,,,
L2CO,score_M2_Macrophage,leave:CHOL+UVM,30,0.1376,0.1172,0.1578,132.9,0.782,,,,
L2CO,score_Myeloid,leave:CHOL+UVM,30,0.1112,0.0907,0.1316,116.59,0.751,,,,
L2CO,score_M2_Macrophage,leave:COAD+DLBC,30,0.1358,0.1152,0.1563,135.23,0.786,,,,
L2CO,score_Myeloid,leave:COAD+DLBC,30,0.1088,0.0881,0.1295,120.31,0.759,,,,
L2CO,score_M2_Macrophage,leave:COAD+ESCA,30,0.14,0.1192,0.1606,131.48,0.779,,,,
L2CO,score_Myeloid,leave:COAD+ESCA,30,0.1119,0.091,0.1327,116.52,0.751,,,,
L2CO,score_M2_Macrophage,leave:COAD+GBM,30,0.1364,0.1157,0.157,136.36,0.787,,,,
L2CO,score_Myeloid,leave:COAD+GBM,30,0.1084,0.0875,0.1292,120.19,0.759,,,,
L2CO,score_M2_Macrophage,leave:COAD+HNSC,30,0.1336,0.1124,0.1547,135.06,0.785,,,,
L2CO,score_Myeloid,leave:COAD+HNSC,30,0.1115,0.0902,0.1327,119.38,0.757,,,,
L2CO,score_M2_Macrophage,leave:COAD+KICH,30,0.1379,0.1173,0.1584,134.24,0.784,,,,
L2CO,score_Myeloid,leave:COAD+KICH,30,0.1107,0.0899,0.1313,116.55,0.751,,,,
L2CO,score_M2_Macrophage,leave:COAD+KIRC,30,0.1276,0.1064,0.1488,124.84,0.768,,,,
L2CO,score_Myeloid,leave:COAD+KIRC,30,0.0993,0.078,0.1206,107.33,0.73,,,,
L2CO,score_M2_Macrophage,leave:COAD+KIRP,30,0.1364,0.1155,0.1572,136.38,0.787,,,,
L2CO,score_Myeloid,leave:COAD+KIRP,30,0.1061,0.085,0.127,118.11,0.754,,,,
L2CO,score_M2_Macrophage,leave:COAD+LGG,30,0.1237,0.1025,0.1449,111.62,0.74,,,,
L2CO,score_Myeloid,leave:COAD+LGG,30,0.0968,0.0755,0.1181,98.78,0.706,,,,
L2CO,score_M2_Macrophage,leave:COAD+LIHC,30,0.1321,0.1111,0.153,132.17,0.781,,,,
L2CO,score_Myeloid,leave:COAD+LIHC,30,0.1065,0.0854,0.1276,119.12,0.757,,,,
L2CO,score_M2_Macrophage,leave:COAD+LUAD,30,0.1439,0.1228,0.1649,128.5,0.774,,,,
L2CO,score_Myeloid,leave:COAD+LUAD,30,0.1112,0.0899,0.1324,119.6,0.758,,,,
L2CO,score_M2_Macrophage,leave:COAD+LUSC,30,0.1436,0.1225,0.1646,128.82,0.775,,,,
L2CO,score_Myeloid,leave:COAD+LUSC,30,0.1189,0.0976,0.14,105.33,0.725,,,,
L2CO,score_M2_Macrophage,leave:COAD+MESO,30,0.1374,0.1168,0.1579,135.8,0.786,,,,
L2CO,score_Myeloid,leave:COAD+MESO,30,0.1096,0.0888,0.1303,119.95,0.758,,,,
L2CO,score_M2_Macrophage,leave:COAD+OV,30,0.1382,0.1172,0.1592,135.92,0.787,,,,
L2CO,score_Myeloid,leave:COAD+OV,30,0.1097,0.0885,0.1308,120.23,0.759,,,,
L2CO,score_M2_Macrophage,leave:COAD+PAAD,30,0.1393,0.1186,0.1599,133.11,0.782,,,,
L2CO,score_Myeloid,leave:COAD+PAAD,30,0.1105,0.0896,0.1312,119.31,0.757,,,,
L2CO,score_M2_Macrophage,leave:COAD+PCPG,30,0.1316,0.1108,0.1523,125.06,0.768,,,,
L2CO,score_Myeloid,leave:COAD+PCPG,30,0.1024,0.0815,0.1232,101.15,0.713,,,,
L2CO,score_M2_Macrophage,leave:COAD+PRAD,30,0.1323,0.1111,0.1534,133.51,0.783,,,,
L2CO,score_Myeloid,leave:COAD+PRAD,30,0.1064,0.0851,0.1276,119.38,0.757,,,,
L2CO,score_M2_Macrophage,leave:COAD+READ,30,0.1373,0.1166,0.1578,136.0,0.787,,,,
L2CO,score_Myeloid,leave:COAD+READ,30,0.1095,0.0887,0.1302,120.04,0.758,,,,
L2CO,score_M2_Macrophage,leave:COAD+SARC,30,0.1414,0.1205,0.1621,129.49,0.776,,,,
L2CO,score_Myeloid,leave:COAD+SARC,30,0.1142,0.0933,0.1351,111.82,0.741,,,,
L2CO,score_M2_Macrophage,leave:COAD+SKCM,30,0.1351,0.1144,0.1556,134.44,0.784,,,,
L2CO,score_Myeloid,leave:COAD+SKCM,30,0.1076,0.0867,0.1283,118.82,0.756,,,,
L2CO,score_M2_Macrophage,leave:COAD+STAD,30,0.1437,0.1227,0.1646,126.9,0.771,,,,
L2CO,score_Myeloid,leave:COAD+STAD,30,0.1132,0.092,0.1342,117.02,0.752,,,,
L2CO,score_M2_Macrophage,leave:COAD+TGCT,30,0.1382,0.1174,0.1588,135.1,0.785,,,,
L2CO,score_Myeloid,leave:COAD+TGCT,30,0.1113,0.0904,0.132,117.4,0.753,,,,
L2CO,score_M2_Macrophage,leave:COAD+THCA,30,0.1374,0.1162,0.1584,136.31,0.787,,,,
L2CO,score_Myeloid,leave:COAD+THCA,30,0.1095,0.0882,0.1307,120.29,0.759,,,,
L2CO,score_M2_Macrophage,leave:COAD+THYM,30,0.1309,0.1102,0.1515,113.86,0.745,,,,
L2CO,score_Myeloid,leave:COAD+THYM,30,0.1046,0.0838,0.1253,107.66,0.731,,,,
L2CO,score_M2_Macrophage,leave:COAD+UCEC,30,0.1353,0.1145,0.1559,135.59,0.786,,,,
L2CO,score_Myeloid,leave:COAD+UCEC,30,0.1083,0.0874,0.1291,120.18,0.759,,,,
L2CO,score_M2_Macrophage,leave:COAD+UCS,30,0.1354,0.1148,0.1559,134.14,0.784,,,,
L2CO,score_Myeloid,leave:COAD+UCS,30,0.1075,0.0868,0.1282,117.42,0.753,,,,
L2CO,score_M2_Macrophage,leave:COAD+UVM,30,0.1382,0.1176,0.1587,133.67,0.783,,,,
L2CO,score_Myeloid,leave:COAD+UVM,30,0.1108,0.09,0.1314,116.9,0.752,,,,
L2CO,score_M2_Macrophage,leave:DLBC+ESCA,30,0.139,0.1185,0.1594,130.37,0.778,,,,
L2CO,score_Myeloid,leave:DLBC+ESCA,30,0.1127,0.0921,0.1332,116.71,0.752,,,,
L2CO,score_M2_Macrophage,leave:DLBC+GBM,30,0.1355,0.1151,0.1559,135.2,0.785,,,,
L2CO,score_Myeloid,leave:DLBC+GBM,30,0.1093,0.0887,0.1297,120.43,0.759,,,,
L2CO,score_M2_Macrophage,leave:DLBC+HNSC,30,0.1328,0.1119,0.1536,133.85,0.783,,,,
L2CO,score_Myeloid,leave:DLBC+HNSC,30,0.1123,0.0913,0.1332,119.58,0.757,,,,
L2CO,score_M2_Macrophage,leave:DLBC+KICH,30,0.137,0.1167,0.1573,133.09,0.782,,,,
L2CO,score_Myeloid,leave:DLBC+KICH,30,0.1115,0.091,0.1318,116.76,0.752,,,,
L2CO,score_M2_Macrophage,leave:DLBC+KIRC,30,0.127,0.1061,0.1478,123.56,0.765,,,,
L2CO,score_Myeloid,leave:DLBC+KIRC,30,0.1005,0.0794,0.1215,107.73,0.731,,,,
L2CO,score_M2_Macrophage,leave:DLBC+KIRP,30,0.1355,0.1149,0.156,135.21,0.786,,,,
L2CO,score_Myeloid,leave:DLBC+KIRP,30,0.107,0.0863,0.1277,118.39,0.755,,,,
L2CO,score_M2_Macrophage,leave:DLBC+LGG,30,0.1232,0.1023,0.1441,110.3,0.737,,,,
L2CO,score_Myeloid,leave:DLBC+LGG,30,0.0981,0.077,0.119,99.23,0.708,,,,
L2CO,score_M2_Macrophage,leave:DLBC+LIHC,30,0.1314,0.1107,0.152,130.94,0.779,,,,
L2CO,score_Myeloid,leave:DLBC+LIHC,30,0.1075,0.0866,0.1282,119.39,0.757,,,,
L2CO,score_M2_Macrophage,leave:DLBC+LUAD,30,0.1428,0.122,0.1635,127.46,0.772,,,,
L2CO,score_Myeloid,leave:DLBC+LUAD,30,0.112,0.091,0.1329,119.81,0.758,,,,
L2CO,score_M2_Macrophage,leave:DLBC+LUSC,30,0.1426,0.1217,0.1633,127.78,0.773,,,,
L2CO,score_Myeloid,leave:DLBC+LUSC,30,0.1195,0.0985,0.1403,105.44,0.725,,,,
L2CO,score_M2_Macrophage,leave:DLBC+MESO,30,0.1365,0.1162,0.1568,134.65,0.785,,,,
L2CO,score_Myeloid,leave:DLBC+MESO,30,0.1104,0.0899,0.1308,120.18,0.759,,,,
L2CO,score_M2_Macrophage,leave:DLBC+OV,30,0.1373,0.1165,0.1579,134.78,0.785,,,,
L2CO,score_Myeloid,leave:DLBC+OV,30,0.1106,0.0897,0.1313,120.45,0.759,,,,
L2CO,score_M2_Macrophage,leave:DLBC+PAAD,30,0.1384,0.1179,0.1587,131.99,0.78,,,,
L2CO,score_Myeloid,leave:DLBC+PAAD,30,0.1113,0.0907,0.1318,119.52,0.757,,,,
L2CO,score_M2_Macrophage,leave:DLBC+PCPG,30,0.1309,0.1104,0.1513,123.82,0.766,,,,
L2CO,score_Myeloid,leave:DLBC+PCPG,30,0.1034,0.0828,0.1239,101.49,0.714,,,,
L2CO,score_M2_Macrophage,leave:DLBC+PRAD,30,0.1315,0.1107,0.1523,132.28,0.781,,,,
L2CO,score_Myeloid,leave:DLBC+PRAD,30,0.1074,0.0864,0.1283,119.65,0.758,,,,
L2CO,score_M2_Macrophage,leave:DLBC+READ,30,0.1364,0.116,0.1567,134.85,0.785,,,,
L2CO,score_Myeloid,leave:DLBC+READ,30,0.1103,0.0898,0.1307,120.27,0.759,,,,
L2CO,score_M2_Macrophage,leave:DLBC+SARC,30,0.1404,0.1198,0.1608,128.4,0.774,,,,
L2CO,score_Myeloid,leave:DLBC+SARC,30,0.1149,0.0943,0.1355,111.98,0.741,,,,
L2CO,score_M2_Macrophage,leave:DLBC+SKCM,30,0.1343,0.1139,0.1545,133.25,0.782,,,,
L2CO,score_Myeloid,leave:DLBC+SKCM,30,0.1084,0.0879,0.1289,119.08,0.756,,,,
L2CO,score_M2_Macrophage,leave:DLBC+STAD,30,0.1427,0.1219,0.1633,125.86,0.77,,,,
L2CO,score_Myeloid,leave:DLBC+STAD,30,0.1139,0.0931,0.1347,117.19,0.753,,,,
L2CO,score_M2_Macrophage,leave:DLBC+TGCT,30,0.1373,0.1168,0.1576,133.95,0.784,,,,
L2CO,score_Myeloid,leave:DLBC+TGCT,30,0.1121,0.0915,0.1325,117.59,0.753,,,,
L2CO,score_M2_Macrophage,leave:DLBC+THCA,30,0.1365,0.1156,0.1572,135.16,0.785,,,,
L2CO,score_Myeloid,leave:DLBC+THCA,30,0.1103,0.0894,0.1312,120.51,0.759,,,,
L2CO,score_M2_Macrophage,leave:DLBC+THYM,30,0.1302,0.1097,0.1505,112.61,0.742,,,,
L2CO,score_Myeloid,leave:DLBC+THYM,30,0.1056,0.085,0.126,107.96,0.731,,,,
L2CO,score_M2_Macrophage,leave:DLBC+UCEC,30,0.1345,0.114,0.1548,134.41,0.784,,,,
L2CO,score_Myeloid,leave:DLBC+UCEC,30,0.1092,0.0886,0.1297,120.42,0.759,,,,
L2CO,score_M2_Macrophage,leave:DLBC+UCS,30,0.1346,0.1142,0.1548,132.95,0.782,,,,
L2CO,score_Myeloid,leave:DLBC+UCS,30,0.1084,0.0879,0.1288,117.68,0.754,,,,
L2CO,score_M2_Macrophage,leave:DLBC+UVM,30,0.1373,0.117,0.1576,132.53,0.781,,,,
L2CO,score_Myeloid,leave:DLBC+UVM,30,0.1115,0.0911,0.1319,117.11,0.752,,,,
L2CO,score_M2_Macrophage,leave:ESCA+GBM,30,0.1396,0.119,0.1601,131.47,0.779,,,,
L2CO,score_Myeloid,leave:ESCA+GBM,30,0.1123,0.0916,0.1329,116.61,0.751,,,,
L2CO,score_M2_Macrophage,leave:ESCA+HNSC,30,0.137,0.116,0.1579,130.32,0.777,,,,
L2CO,score_Myeloid,leave:ESCA+HNSC,30,0.1155,0.0944,0.1366,115.59,0.749,,,,
L2CO,score_M2_Macrophage,leave:ESCA+KICH,30,0.1411,0.1206,0.1614,129.26,0.776,,,,
L2CO,score_Myeloid,leave:ESCA+KICH,30,0.1145,0.0939,0.135,112.82,0.743,,,,
L2CO,score_M2_Macrophage,leave:ESCA+KIRC,30,0.1311,0.11,0.1521,120.46,0.759,,,,
L2CO,score_Myeloid,leave:ESCA+KIRC,30,0.1035,0.0823,0.1247,104.38,0.722,,,,
L2CO,score_M2_Macrophage,leave:ESCA+KIRP,30,0.1397,0.1189,0.1603,131.48,0.779,,,,
L2CO,score_Myeloid,leave:ESCA+KIRP,30,0.11,0.0891,0.1308,114.7,0.747,,,,
L2CO,score_M2_Macrophage,leave:ESCA+LGG,30,0.1273,0.1062,0.1482,107.47,0.73,,,,
L2CO,score_Myeloid,leave:ESCA+LGG,30,0.1011,0.0799,0.1222,96.01,0.698,,,,
L2CO,score_M2_Macrophage,leave:ESCA+LIHC,30,0.1355,0.1146,0.1562,127.52,0.773,,,,
L2CO,score_Myeloid,leave:ESCA+LIHC,30,0.1105,0.0895,0.1314,115.68,0.749,,,,
L2CO,score_M2_Macrophage,leave:ESCA+LUAD,30,0.1472,0.1262,0.168,123.17,0.765,,,,
L2CO,score_Myeloid,leave:ESCA+LUAD,30,0.1152,0.094,0.1362,115.84,0.75,,,,
L2CO,score_M2_Macrophage,leave:ESCA+LUSC,30,0.1469,0.1259,0.1677,123.51,0.765,,,,
L2CO,score_Myeloid,leave:ESCA+LUSC,30,0.1228,0.1017,0.1438,101.04,0.713,,,,
L2CO,score_M2_Macrophage,leave:ESCA+MESO,30,0.1406,0.1201,0.161,130.85,0.778,,,,
L2CO,score_Myeloid,leave:ESCA+MESO,30,0.1134,0.0928,0.134,116.3,0.751,,,,
L2CO,score_M2_Macrophage,leave:ESCA+OV,30,0.1415,0.1206,0.1623,130.92,0.778,,,,
L2CO,score_Myeloid,leave:ESCA+OV,30,0.1137,0.0927,0.1346,116.56,0.751,,,,
L2CO,score_M2_Macrophage,leave:ESCA+PAAD,30,0.1425,0.1219,0.163,128.04,0.774,,,,
L2CO,score_Myeloid,leave:ESCA+PAAD,30,0.1143,0.0936,0.135,115.59,0.749,,,,
L2CO,score_M2_Macrophage,leave:ESCA+PCPG,30,0.1349,0.1143,0.1554,120.44,0.759,,,,
L2CO,score_Myeloid,leave:ESCA+PCPG,30,0.1064,0.0856,0.127,97.99,0.704,,,,
L2CO,score_M2_Macrophage,leave:ESCA+PRAD,30,0.1357,0.1147,0.1566,128.85,0.775,,,,
L2CO,score_Myeloid,leave:ESCA+PRAD,30,0.1105,0.0894,0.1315,115.93,0.75,,,,
L2CO,score_M2_Macrophage,leave:ESCA+READ,30,0.1405,0.12,0.1609,131.06,0.779,,,,
L2CO,score_Myeloid,leave:ESCA+READ,30,0.1134,0.0927,0.1339,116.39,0.751,,,,
L2CO,score_M2_Macrophage,leave:ESCA+SARC,30,0.1446,0.1239,0.1651,124.31,0.767,,,,
L2CO,score_Myeloid,leave:ESCA+SARC,30,0.1181,0.0973,0.1388,107.84,0.731,,,,
L2CO,score_M2_Macrophage,leave:ESCA+SKCM,30,0.1383,0.1177,0.1587,129.62,0.776,,,,
L2CO,score_Myeloid,leave:ESCA+SKCM,30,0.1114,0.0908,0.132,115.31,0.748,,,,
L2CO,score_M2_Macrophage,leave:ESCA+STAD,30,0.147,0.1261,0.1677,121.58,0.761,,,,
L2CO,score_Myeloid,leave:ESCA+STAD,30,0.1171,0.0961,0.138,113.11,0.744,,,,
L2CO,score_M2_Macrophage,leave:ESCA+TGCT,30,0.1414,0.1208,0.1618,130.1,0.777,,,,
L2CO,score_Myeloid,leave:ESCA+TGCT,30,0.1151,0.0944,0.1357,113.62,0.745,,,,
L2CO,score_M2_Macrophage,leave:ESCA+THCA,30,0.1407,0.1197,0.1616,131.35,0.779,,,,
L2CO,score_Myeloid,leave:ESCA+THCA,30,0.1135,0.0924,0.1346,116.63,0.751,,,,
L2CO,score_M2_Macrophage,leave:ESCA+THYM,30,0.1342,0.1136,0.1546,109.28,0.735,,,,
L2CO,score_Myeloid,leave:ESCA+THYM,30,0.1085,0.0878,0.1291,104.35,0.722,,,,
L2CO,score_M2_Macrophage,leave:ESCA+UCEC,30,0.1385,0.1179,0.159,130.76,0.778,,,,
L2CO,score_Myeloid,leave:ESCA+UCEC,30,0.1122,0.0915,0.1329,116.61,0.751,,,,
L2CO,score_M2_Macrophage,leave:ESCA+UCS,30,0.1386,0.1181,0.1589,129.3,0.776,,,,
L2CO,score_Myeloid,leave:ESCA+UCS,30,0.1114,0.0908,0.1319,113.91,0.745,,,,
L2CO,score_M2_Macrophage,leave:ESCA+UVM,30,0.1414,0.1209,0.1618,128.67,0.775,,,,
L2CO,score_Myeloid,leave:ESCA+UVM,30,0.1146,0.094,0.1351,113.17,0.744,,,,
L2CO,score_M2_Macrophage,leave:GBM+HNSC,30,0.1334,0.1123,0.1543,135.02,0.785,,,,
L2CO,score_Myeloid,leave:GBM+HNSC,30,0.1119,0.0908,0.1329,119.48,0.757,,,,
L2CO,score_M2_Macrophage,leave:GBM+KICH,30,0.1376,0.1172,0.158,134.22,0.784,,,,
L2CO,score_Myeloid,leave:GBM+KICH,30,0.1111,0.0905,0.1316,116.65,0.751,,,,
L2CO,score_M2_Macrophage,leave:GBM+KIRC,30,0.1275,0.1064,0.1484,124.78,0.768,,,,
L2CO,score_Myeloid,leave:GBM+KIRC,30,0.1,0.0788,0.1211,107.53,0.73,,,,
L2CO,score_M2_Macrophage,leave:GBM+KIRP,30,0.1361,0.1154,0.1567,136.35,0.787,,,,
L2CO,score_Myeloid,leave:GBM+KIRP,30,0.1066,0.0857,0.1273,118.25,0.755,,,,
L2CO,score_M2_Macrophage,leave:GBM+LGG,30,0.1236,0.1026,0.1446,111.55,0.74,,,,
L2CO,score_Myeloid,leave:GBM+LGG,30,0.0975,0.0763,0.1186,99.01,0.707,,,,
L2CO,score_M2_Macrophage,leave:GBM+LIHC,30,0.1319,0.1111,0.1527,132.12,0.78,,,,
L2CO,score_Myeloid,leave:GBM+LIHC,30,0.107,0.086,0.1279,119.26,0.757,,,,
L2CO,score_M2_Macrophage,leave:GBM+LUAD,30,0.1435,0.1225,0.1643,128.52,0.774,,,,
L2CO,score_Myeloid,leave:GBM+LUAD,30,0.1116,0.0905,0.1326,119.7,0.758,,,,
L2CO,score_M2_Macrophage,leave:GBM+LUSC,30,0.1432,0.1223,0.164,128.84,0.775,,,,
L2CO,score_Myeloid,leave:GBM+LUSC,30,0.1192,0.0981,0.1402,105.38,0.725,,,,
L2CO,score_M2_Macrophage,leave:GBM+MESO,30,0.1371,0.1166,0.1575,135.78,0.786,,,,
L2CO,score_Myeloid,leave:GBM+MESO,30,0.11,0.0894,0.1305,120.06,0.758,,,,
L2CO,score_M2_Macrophage,leave:GBM+OV,30,0.1379,0.117,0.1587,135.9,0.787,,,,
L2CO,score_Myeloid,leave:GBM+OV,30,0.1101,0.0891,0.1311,120.34,0.759,,,,
L2CO,score_M2_Macrophage,leave:GBM+PAAD,30,0.139,0.1184,0.1595,133.1,0.782,,,,
L2CO,score_Myeloid,leave:GBM+PAAD,30,0.1109,0.0902,0.1315,119.41,0.757,,,,
L2CO,score_M2_Macrophage,leave:GBM+PCPG,30,0.1314,0.1108,0.1519,125.01,0.768,,,,
L2CO,score_Myeloid,leave:GBM+PCPG,30,0.1029,0.0822,0.1236,101.32,0.714,,,,
L2CO,score_M2_Macrophage,leave:GBM+PRAD,30,0.1321,0.1111,0.153,133.46,0.783,,,,
L2CO,score_Myeloid,leave:GBM+PRAD,30,0.1069,0.0858,0.128,119.51,0.757,,,,
L2CO,score_M2_Macrophage,leave:GBM+READ,30,0.137,0.1165,0.1574,135.98,0.787,,,,
L2CO,score_Myeloid,leave:GBM+READ,30,0.1099,0.0893,0.1305,120.15,0.759,,,,
L2CO,score_M2_Macrophage,leave:GBM+SARC,30,0.141,0.1203,0.1615,129.49,0.776,,,,
L2CO,score_Myeloid,leave:GBM+SARC,30,0.1146,0.0938,0.1353,111.9,0.741,,,,
L2CO,score_M2_Macrophage,leave:GBM+SKCM,30,0.1348,0.1143,0.1552,134.4,0.784,,,,
L2CO,score_Myeloid,leave:GBM+SKCM,30,0.108,0.0874,0.1286,118.95,0.756,,,,
L2CO,score_M2_Macrophage,leave:GBM+STAD,30,0.1433,0.1225,0.1641,126.92,0.772,,,,
L2CO,score_Myeloid,leave:GBM+STAD,30,0.1136,0.0926,0.1345,117.1,0.752,,,,
L2CO,score_M2_Macrophage,leave:GBM+TGCT,30,0.1378,0.1173,0.1583,135.08,0.785,,,,
L2CO,score_Myeloid,leave:GBM+TGCT,30,0.1117,0.091,0.1323,117.49,0.753,,,,
L2CO,score_M2_Macrophage,leave:GBM+THCA,30,0.137,0.1161,0.1579,136.29,0.787,,,,
L2CO,score_Myeloid,leave:GBM+THCA,30,0.1099,0.0888,0.131,120.4,0.759,,,,
L2CO,score_M2_Macrophage,leave:GBM+THYM,30,0.1307,0.1101,0.1511,113.81,0.745,,,,
L2CO,score_Myeloid,leave:GBM+THYM,30,0.1051,0.0844,0.1257,107.81,0.731,,,,
L2CO,score_M2_Macrophage,leave:GBM+UCEC,30,0.135,0.1144,0.1555,135.56,0.786,,,,
L2CO,score_Myeloid,leave:GBM+UCEC,30,0.1088,0.0881,0.1294,120.3,0.759,,,,
L2CO,score_M2_Macrophage,leave:GBM+UCS,30,0.1351,0.1147,0.1555,134.1,0.784,,,,
L2CO,score_Myeloid,leave:GBM+UCS,30,0.108,0.0874,0.1285,117.55,0.753,,,,
L2CO,score_M2_Macrophage,leave:GBM+UVM,30,0.1379,0.1174,0.1583,133.65,0.783,,,,
L2CO,score_Myeloid,leave:GBM+UVM,30,0.1112,0.0906,0.1317,117.0,0.752,,,,
L2CO,score_M2_Macrophage,leave:HNSC+KICH,30,0.135,0.1141,0.1558,132.98,0.782,,,,
L2CO,score_Myeloid,leave:HNSC+KICH,30,0.1142,0.0932,0.1351,115.7,0.749,,,,
L2CO,score_M2_Macrophage,leave:HNSC+KIRC,30,0.1242,0.1026,0.1457,123.0,0.764,,,,
L2CO,score_Myeloid,leave:HNSC+KIRC,30,0.1028,0.0811,0.1243,107.16,0.729,,,,
L2CO,score_M2_Macrophage,leave:HNSC+KIRP,30,0.1333,0.1121,0.1544,135.03,0.785,,,,
L2CO,score_Myeloid,leave:HNSC+KIRP,30,0.1096,0.0883,0.1308,117.55,0.753,,,,
L2CO,score_M2_Macrophage,leave:HNSC+LGG,30,0.1202,0.0986,0.1417,109.54,0.735,,,,
L2CO,score_Myeloid,leave:HNSC+LGG,30,0.1002,0.0786,0.1217,98.76,0.706,,,,
L2CO,score_M2_Macrophage,leave:HNSC+LIHC,30,0.1289,0.1076,0.1501,130.58,0.778,,,,
L2CO,score_Myeloid,leave:HNSC+LIHC,30,0.1101,0.0887,0.1314,118.53,0.755,,,,
L2CO,score_M2_Macrophage,leave:HNSC+LUAD,30,0.141,0.1195,0.1623,127.55,0.773,,,,
L2CO,score_Myeloid,leave:HNSC+LUAD,30,0.1149,0.0933,0.1364,118.72,0.756,,,,
L2CO,score_M2_Macrophage,leave:HNSC+LUSC,30,0.1407,0.1193,0.162,127.86,0.773,,,,
L2CO,score_Myeloid,leave:HNSC+LUSC,30,0.1228,0.1013,0.1442,103.94,0.721,,,,
L2CO,score_M2_Macrophage,leave:HNSC+MESO,30,0.1344,0.1135,0.1553,134.51,0.784,,,,
L2CO,score_Myeloid,leave:HNSC+MESO,30,0.1131,0.092,0.134,119.17,0.757,,,,
L2CO,score_M2_Macrophage,leave:HNSC+OV,30,0.1351,0.1138,0.1564,134.67,0.785,,,,
L2CO,score_Myeloid,leave:HNSC+OV,30,0.1134,0.0919,0.1347,119.44,0.757,,,,
L2CO,score_M2_Macrophage,leave:HNSC+PAAD,30,0.1364,0.1153,0.1573,131.92,0.78,,,,
L2CO,score_Myeloid,leave:HNSC+PAAD,30,0.114,0.0929,0.1351,118.47,0.755,,,,
L2CO,score_M2_Macrophage,leave:HNSC+PCPG,30,0.1284,0.1074,0.1494,123.45,0.765,,,,
L2CO,score_Myeloid,leave:HNSC+PCPG,30,0.1057,0.0846,0.1268,100.8,0.712,,,,
L2CO,score_M2_Macrophage,leave:HNSC+PRAD,30,0.129,0.1075,0.1504,131.93,0.78,,,,
L2CO,score_Myeloid,leave:HNSC+PRAD,30,0.11,0.0884,0.1315,118.79,0.756,,,,
L2CO,score_M2_Macrophage,leave:HNSC+READ,30,0.1343,0.1133,0.1551,134.71,0.785,,,,
L2CO,score_Myeloid,leave:HNSC+READ,30,0.113,0.092,0.134,119.27,0.757,,,,
L2CO,score_M2_Macrophage,leave:HNSC+SARC,30,0.1384,0.1173,0.1594,128.41,0.774,,,,
L2CO,score_Myeloid,leave:HNSC+SARC,30,0.118,0.0967,0.1391,110.74,0.738,,,,
L2CO,score_M2_Macrophage,leave:HNSC+SKCM,30,0.132,0.111,0.1529,133.02,0.782,,,,
L2CO,score_Myeloid,leave:HNSC+SKCM,30,0.111,0.09,0.132,118.17,0.755,,,,
L2CO,score_M2_Macrophage,leave:HNSC+STAD,30,0.1408,0.1195,0.162,125.94,0.77,,,,
L2CO,score_Myeloid,leave:HNSC+STAD,30,0.1169,0.0955,0.1383,116.0,0.75,,,,
L2CO,score_M2_Macrophage,leave:HNSC+TGCT,30,0.1352,0.1142,0.1561,133.85,0.783,,,,
L2CO,score_Myeloid,leave:HNSC+TGCT,30,0.1149,0.0937,0.1359,116.51,0.751,,,,
L2CO,score_M2_Macrophage,leave:HNSC+THCA,30,0.1342,0.1127,0.1556,135.01,0.785,,,,
L2CO,score_Myeloid,leave:HNSC+THCA,30,0.1132,0.0916,0.1347,119.51,0.757,,,,
L2CO,score_M2_Macrophage,leave:HNSC+THYM,30,0.1277,0.1067,0.1486,112.21,0.742,,,,
L2CO,score_Myeloid,leave:HNSC+THYM,30,0.108,0.0869,0.129,107.19,0.729,,,,
L2CO,score_M2_Macrophage,leave:HNSC+UCEC,30,0.1322,0.1111,0.1532,134.19,0.784,,,,
L2CO,score_Myeloid,leave:HNSC+UCEC,30,0.1119,0.0907,0.1329,119.48,0.757,,,,
L2CO,score_M2_Macrophage,leave:HNSC+UCS,30,0.1324,0.1114,0.1532,132.74,0.782,,,,
L2CO,score_Myeloid,leave:HNSC+UCS,30,0.111,0.09,0.1319,116.77,0.752,,,,
L2CO,score_M2_Macrophage,leave:HNSC+UVM,30,0.1353,0.1143,0.1561,132.43,0.781,,,,
L2CO,score_Myeloid,leave:HNSC+UVM,30,0.1143,0.0933,0.1352,116.05,0.75,,,,
L2CO,score_M2_Macrophage,leave:KICH+KIRC,30,0.1292,0.1082,0.15,122.9,0.764,,,,
L2CO,score_Myeloid,leave:KICH+KIRC,30,0.1024,0.0813,0.1234,104.24,0.722,,,,
L2CO,score_M2_Macrophage,leave:KICH+KIRP,30,0.1376,0.117,0.1581,134.23,0.784,,,,
L2CO,score_Myeloid,leave:KICH+KIRP,30,0.1089,0.0881,0.1295,114.69,0.747,,,,
L2CO,score_M2_Macrophage,leave:KICH+LGG,30,0.1254,0.1044,0.1462,109.79,0.736,,,,
L2CO,score_Myeloid,leave:KICH+LGG,30,0.1,0.0789,0.1209,95.83,0.697,,,,
L2CO,score_M2_Macrophage,leave:KICH+LIHC,30,0.1335,0.1128,0.1541,130.12,0.777,,,,
L2CO,score_Myeloid,leave:KICH+LIHC,30,0.1093,0.0885,0.1301,115.68,0.749,,,,
L2CO,score_M2_Macrophage,leave:KICH+LUAD,30,0.145,0.1241,0.1657,126.2,0.77,,,,
L2CO,score_Myeloid,leave:KICH+LUAD,30,0.1139,0.0929,0.1348,115.94,0.75,,,,
L2CO,score_M2_Macrophage,leave:KICH+LUSC,30,0.1447,0.1239,0.1654,126.53,0.771,,,,
L2CO,score_Myeloid,leave:KICH+LUSC,30,0.1214,0.1004,0.1422,101.32,0.714,,,,
L2CO,score_M2_Macrophage,leave:KICH+MESO,30,0.1386,0.1182,0.1589,133.63,0.783,,,,
L2CO,score_Myeloid,leave:KICH+MESO,30,0.1122,0.0917,0.1326,116.36,0.751,,,,
L2CO,score_M2_Macrophage,leave:KICH+OV,30,0.1394,0.1187,0.1601,133.73,0.783,,,,
L2CO,score_Myeloid,leave:KICH+OV,30,0.1124,0.0915,0.1332,116.63,0.751,,,,
L2CO,score_M2_Macrophage,leave:KICH+PAAD,30,0.1405,0.12,0.1608,130.9,0.778,,,,
L2CO,score_Myeloid,leave:KICH+PAAD,30,0.1131,0.0925,0.1336,115.68,0.749,,,,
L2CO,score_M2_Macrophage,leave:KICH+PCPG,30,0.133,0.1125,0.1534,123.02,0.764,,,,
L2CO,score_Myeloid,leave:KICH+PCPG,30,0.1052,0.0846,0.1258,97.91,0.704,,,,
L2CO,score_M2_Macrophage,leave:KICH+PRAD,30,0.1337,0.1128,0.1545,131.46,0.779,,,,
L2CO,score_Myeloid,leave:KICH+PRAD,30,0.1093,0.0883,0.1302,115.93,0.75,,,,
L2CO,score_M2_Macrophage,leave:KICH+READ,30,0.1385,0.1181,0.1588,133.84,0.783,,,,
L2CO,score_Myeloid,leave:KICH+READ,30,0.1121,0.0916,0.1326,116.46,0.751,,,,
L2CO,score_M2_Macrophage,leave:KICH+SARC,30,0.1425,0.1219,0.1629,127.24,0.772,,,,
L2CO,score_Myeloid,leave:KICH+SARC,30,0.1168,0.0961,0.1374,108.01,0.732,,,,
L2CO,score_M2_Macrophage,leave:KICH+SKCM,30,0.1363,0.1159,0.1566,132.32,0.781,,,,
L2CO,score_Myeloid,leave:KICH+SKCM,30,0.1102,0.0897,0.1307,115.33,0.749,,,,
L2CO,score_M2_Macrophage,leave:KICH+STAD,30,0.1448,0.1241,0.1654,124.61,0.767,,,,
L2CO,score_Myeloid,leave:KICH+STAD,30,0.1158,0.0949,0.1366,113.26,0.744,,,,
L2CO,score_M2_Macrophage,leave:KICH+TGCT,30,0.1393,0.1189,0.1597,132.91,0.782,,,,
L2CO,score_Myeloid,leave:KICH+TGCT,30,0.1139,0.0933,0.1344,113.73,0.745,,,,
L2CO,score_M2_Macrophage,leave:KICH+THCA,30,0.1386,0.1177,0.1594,134.14,0.784,,,,
L2CO,score_Myeloid,leave:KICH+THCA,30,0.1122,0.0912,0.1332,116.7,0.752,,,,
L2CO,score_M2_Macrophage,leave:KICH+THYM,30,0.1322,0.1118,0.1526,111.84,0.741,,,,
L2CO,score_Myeloid,leave:KICH+THYM,30,0.1074,0.0868,0.1278,104.31,0.722,,,,
L2CO,score_M2_Macrophage,leave:KICH+UCEC,30,0.1365,0.116,0.1569,133.47,0.783,,,,
L2CO,score_Myeloid,leave:KICH+UCEC,30,0.111,0.0904,0.1316,116.65,0.751,,,,
L2CO,score_M2_Macrophage,leave:KICH+UCS,30,0.1366,0.1163,0.1569,132.01,0.78,,,,
L2CO,score_Myeloid,leave:KICH+UCS,30,0.1102,0.0897,0.1306,113.93,0.745,,,,
L2CO,score_M2_Macrophage,leave:KICH+UVM,30,0.1394,0.119,0.1597,131.49,0.779,,,,
L2CO,score_Myeloid,leave:KICH+UVM,30,0.1134,0.0929,0.1338,113.26,0.744,,,,
L2CO,score_M2_Macrophage,leave:KIRC+KIRP,30,0.1273,0.1061,0.1485,124.78,0.768,,,,
L2CO,score_Myeloid,leave:KIRC+KIRP,30,0.0974,0.076,0.1187,105.1,0.724,,,,
L2CO,score_M2_Macrophage,leave:KIRC+LGG,30,0.114,0.0924,0.1355,97.94,0.704,,,,
L2CO,score_Myeloid,leave:KIRC+LGG,30,0.0877,0.066,0.1093,84.34,0.656,,,,
L2CO,score_M2_Macrophage,leave:KIRC+LIHC,30,0.1229,0.1015,0.1441,119.88,0.758,,,,
L2CO,score_Myeloid,leave:KIRC+LIHC,30,0.0978,0.0763,0.1192,106.17,0.727,,,,
L2CO,score_M2_Macrophage,leave:KIRC+LUAD,30,0.1348,0.1133,0.1562,118.07,0.754,,,,
L2CO,score_Myeloid,leave:KIRC+LUAD,30,0.1024,0.0808,0.124,107.34,0.73,,,,
L2CO,score_M2_Macrophage,leave:KIRC+LUSC,30,0.1346,0.1131,0.1559,118.35,0.755,,,,
L2CO,score_Myeloid,leave:KIRC+LUSC,30,0.1104,0.0888,0.1319,94.19,0.692,,,,
L2CO,score_M2_Macrophage,leave:KIRC+MESO,30,0.1286,0.1076,0.1495,124.38,0.767,,,,
L2CO,score_Myeloid,leave:KIRC+MESO,30,0.1012,0.0801,0.1223,107.48,0.73,,,,
L2CO,score_M2_Macrophage,leave:KIRC+OV,30,0.1291,0.1077,0.1504,124.6,0.767,,,,
L2CO,score_Myeloid,leave:KIRC+OV,30,0.101,0.0795,0.1225,107.75,0.731,,,,
L2CO,score_M2_Macrophage,leave:KIRC+PAAD,30,0.1305,0.1094,0.1515,121.99,0.762,,,,
L2CO,score_Myeloid,leave:KIRC+PAAD,30,0.1021,0.0808,0.1232,106.96,0.729,,,,
L2CO,score_M2_Macrophage,leave:KIRC+PCPG,30,0.1225,0.1014,0.1436,112.7,0.743,,,,
L2CO,score_Myeloid,leave:KIRC+PCPG,30,0.0937,0.0725,0.1149,87.58,0.669,,,,
L2CO,score_M2_Macrophage,leave:KIRC+PRAD,30,0.1229,0.1013,0.1443,121.23,0.761,,,,
L2CO,score_Myeloid,leave:KIRC+PRAD,30,0.0976,0.0759,0.1191,106.4,0.727,,,,
L2CO,score_M2_Macrophage,leave:KIRC+READ,30,0.1285,0.1075,0.1493,124.56,0.767,,,,
L2CO,score_Myeloid,leave:KIRC+READ,30,0.1012,0.08,0.1222,107.56,0.73,,,,
L2CO,score_M2_Macrophage,leave:KIRC+SARC,30,0.1325,0.1113,0.1536,118.68,0.756,,,,
L2CO,score_Myeloid,leave:KIRC+SARC,30,0.1059,0.0846,0.1271,100.02,0.71,,,,
L2CO,score_M2_Macrophage,leave:KIRC+SKCM,30,0.1262,0.1051,0.1471,122.65,0.764,,,,
L2CO,score_Myeloid,leave:KIRC+SKCM,30,0.0991,0.078,0.1202,106.05,0.727,,,,
L2CO,score_M2_Macrophage,leave:KIRC+STAD,30,0.1348,0.1134,0.156,116.46,0.751,,,,
L2CO,score_Myeloid,leave:KIRC+STAD,30,0.1046,0.0831,0.126,105.05,0.724,,,,
L2CO,score_M2_Macrophage,leave:KIRC+TGCT,30,0.1293,0.1083,0.1503,123.79,0.766,,,,
L2CO,score_Myeloid,leave:KIRC+TGCT,30,0.1029,0.0817,0.124,105.17,0.724,,,,
L2CO,score_M2_Macrophage,leave:KIRC+THCA,30,0.1281,0.1066,0.1495,124.85,0.768,,,,
L2CO,score_Myeloid,leave:KIRC+THCA,30,0.1007,0.0791,0.1223,107.77,0.731,,,,
L2CO,score_M2_Macrophage,leave:KIRC+THYM,30,0.1218,0.1008,0.1428,101.39,0.714,,,,
L2CO,score_Myeloid,leave:KIRC+THYM,30,0.0961,0.0749,0.1172,94.44,0.693,,,,
L2CO,score_M2_Macrophage,leave:KIRC+UCEC,30,0.1263,0.1052,0.1473,123.83,0.766,,,,
L2CO,score_Myeloid,leave:KIRC+UCEC,30,0.0999,0.0786,0.121,107.52,0.73,,,,
L2CO,score_M2_Macrophage,leave:KIRC+UCS,30,0.1265,0.1056,0.1474,122.4,0.763,,,,
L2CO,score_Myeloid,leave:KIRC+UCS,30,0.0992,0.0781,0.1201,104.65,0.723,,,,
L2CO,score_M2_Macrophage,leave:KIRC+UVM,30,0.1295,0.1085,0.1503,122.39,0.763,,,,
L2CO,score_Myeloid,leave:KIRC+UVM,30,0.1025,0.0814,0.1235,104.6,0.723,,,,
L2CO,score_M2_Macrophage,leave:KIRP+LGG,30,0.1234,0.1022,0.1446,111.54,0.74,,,,
L2CO,score_Myeloid,leave:KIRP+LGG,30,0.0949,0.0736,0.1162,96.47,0.699,,,,
L2CO,score_M2_Macrophage,leave:KIRP+LIHC,30,0.1318,0.1108,0.1528,132.13,0.781,,,,
L2CO,score_Myeloid,leave:KIRP+LIHC,30,0.1046,0.0835,0.1257,117.13,0.752,,,,
L2CO,score_M2_Macrophage,leave:KIRP+LUAD,30,0.1436,0.1225,0.1646,128.52,0.774,,,,
L2CO,score_Myeloid,leave:KIRP+LUAD,30,0.1092,0.0879,0.1305,117.76,0.754,,,,
L2CO,score_M2_Macrophage,leave:KIRP+LUSC,30,0.1433,0.1222,0.1643,128.85,0.775,,,,
L2CO,score_Myeloid,leave:KIRP+LUSC,30,0.117,0.0957,0.1381,103.74,0.72,,,,
L2CO,score_M2_Macrophage,leave:KIRP+MESO,30,0.1371,0.1165,0.1577,135.79,0.786,,,,
L2CO,score_Myeloid,leave:KIRP+MESO,30,0.1077,0.087,0.1284,118.06,0.754,,,,
L2CO,score_M2_Macrophage,leave:KIRP+OV,30,0.1379,0.1169,0.1589,135.92,0.787,,,,
L2CO,score_Myeloid,leave:KIRP+OV,30,0.1078,0.0866,0.1289,118.33,0.755,,,,
L2CO,score_M2_Macrophage,leave:KIRP+PAAD,30,0.139,0.1183,0.1597,133.11,0.782,,,,
L2CO,score_Myeloid,leave:KIRP+PAAD,30,0.1086,0.0877,0.1294,117.44,0.753,,,,
L2CO,score_M2_Macrophage,leave:KIRP+PCPG,30,0.1313,0.1105,0.152,125.02,0.768,,,,
L2CO,score_Myeloid,leave:KIRP+PCPG,30,0.1005,0.0796,0.1214,99.02,0.707,,,,
L2CO,score_M2_Macrophage,leave:KIRP+PRAD,30,0.132,0.1108,0.1531,133.47,0.783,,,,
L2CO,score_Myeloid,leave:KIRP+PRAD,30,0.1045,0.0832,0.1257,117.38,0.753,,,,
L2CO,score_M2_Macrophage,leave:KIRP+READ,30,0.137,0.1163,0.1575,135.99,0.787,,,,
L2CO,score_Myeloid,leave:KIRP+READ,30,0.1077,0.0869,0.1284,118.14,0.755,,,,
L2CO,score_M2_Macrophage,leave:KIRP+SARC,30,0.1411,0.1202,0.1618,129.5,0.776,,,,
L2CO,score_Myeloid,leave:KIRP+SARC,30,0.1124,0.0914,0.1333,110.07,0.737,,,,
L2CO,score_M2_Macrophage,leave:KIRP+SKCM,30,0.1348,0.1141,0.1553,134.42,0.784,,,,
L2CO,score_Myeloid,leave:KIRP+SKCM,30,0.1057,0.0849,0.1264,116.86,0.752,,,,
L2CO,score_M2_Macrophage,leave:KIRP+STAD,30,0.1434,0.1224,0.1643,126.93,0.772,,,,
L2CO,score_Myeloid,leave:KIRP+STAD,30,0.1113,0.0901,0.1324,115.24,0.748,,,,
L2CO,score_M2_Macrophage,leave:KIRP+TGCT,30,0.1379,0.1172,0.1585,135.09,0.785,,,,
L2CO,score_Myeloid,leave:KIRP+TGCT,30,0.1094,0.0886,0.1302,115.55,0.749,,,,
L2CO,score_M2_Macrophage,leave:KIRP+THCA,30,0.1371,0.1159,0.1581,136.3,0.787,,,,
L2CO,score_Myeloid,leave:KIRP+THCA,30,0.1076,0.0863,0.1288,118.39,0.755,,,,
L2CO,score_M2_Macrophage,leave:KIRP+THYM,30,0.1306,0.1099,0.1512,113.82,0.745,,,,
L2CO,score_Myeloid,leave:KIRP+THYM,30,0.1028,0.0819,0.1235,105.6,0.725,,,,
L2CO,score_M2_Macrophage,leave:KIRP+UCEC,30,0.135,0.1142,0.1557,135.57,0.786,,,,
L2CO,score_Myeloid,leave:KIRP+UCEC,30,0.1065,0.0856,0.1273,118.24,0.755,,,,
L2CO,score_M2_Macrophage,leave:KIRP+UCS,30,0.1351,0.1145,0.1556,134.12,0.784,,,,
L2CO,score_Myeloid,leave:KIRP+UCS,30,0.1057,0.0849,0.1264,115.46,0.749,,,,
L2CO,score_M2_Macrophage,leave:KIRP+UVM,30,0.1379,0.1173,0.1585,133.67,0.783,,,,
L2CO,score_Myeloid,leave:KIRP+UVM,30,0.1089,0.0882,0.1296,115.04,0.748,,,,
L2CO,score_M2_Macrophage,leave:LGG+LIHC,30,0.1189,0.0976,0.1402,106.33,0.727,,,,
L2CO,score_Myeloid,leave:LGG+LIHC,30,0.0953,0.0738,0.1167,97.56,0.703,,,,
L2CO,score_M2_Macrophage,leave:LGG+LUAD,30,0.1308,0.1093,0.1522,105.32,0.725,,,,
L2CO,score_Myeloid,leave:LGG+LUAD,30,0.0999,0.0782,0.1214,98.92,0.707,,,,
L2CO,score_M2_Macrophage,leave:LGG+LUSC,30,0.1306,0.1091,0.1519,105.59,0.725,,,,
L2CO,score_Myeloid,leave:LGG+LUSC,30,0.1078,0.0862,0.1293,86.11,0.663,,,,
L2CO,score_M2_Macrophage,leave:LGG+MESO,30,0.1248,0.1038,0.1457,111.23,0.739,,,,
L2CO,score_Myeloid,leave:LGG+MESO,30,0.0988,0.0777,0.1198,99.01,0.707,,,,
L2CO,score_M2_Macrophage,leave:LGG+OV,30,0.1251,0.1037,0.1464,111.48,0.74,,,,
L2CO,score_Myeloid,leave:LGG+OV,30,0.0985,0.077,0.1199,99.27,0.708,,,,
L2CO,score_M2_Macrophage,leave:LGG+PAAD,30,0.1266,0.1055,0.1476,108.96,0.734,,,,
L2CO,score_Myeloid,leave:LGG+PAAD,30,0.0996,0.0784,0.1207,98.53,0.706,,,,
L2CO,score_M2_Macrophage,leave:LGG+PCPG,30,0.1187,0.0976,0.1397,99.14,0.707,,,,
L2CO,score_Myeloid,leave:LGG+PCPG,30,0.0913,0.07,0.1124,78.8,0.632,,,,
L2CO,score_M2_Macrophage,leave:LGG+PRAD,30,0.1189,0.0974,0.1403,107.69,0.731,,,,
L2CO,score_Myeloid,leave:LGG+PRAD,30,0.095,0.0734,0.1166,97.78,0.703,,,,
L2CO,score_M2_Macrophage,leave:LGG+READ,30,0.1247,0.1037,0.1455,111.4,0.74,,,,
L2CO,score_Myeloid,leave:LGG+READ,30,0.0987,0.0776,0.1197,99.09,0.707,,,,
L2CO,score_M2_Macrophage,leave:LGG+SARC,30,0.1286,0.1074,0.1497,105.79,0.726,,,,
L2CO,score_Myeloid,leave:LGG+SARC,30,0.1034,0.0821,0.1246,91.75,0.684,,,,
L2CO,score_M2_Macrophage,leave:LGG+SKCM,30,0.1224,0.1013,0.1433,109.33,0.735,,,,
L2CO,score_Myeloid,leave:LGG+SKCM,30,0.0967,0.0756,0.1177,97.49,0.703,,,,
L2CO,score_M2_Macrophage,leave:LGG+STAD,30,0.1308,0.1095,0.1521,103.71,0.72,,,,
L2CO,score_Myeloid,leave:LGG+STAD,30,0.1021,0.0806,0.1235,96.73,0.7,,,,
L2CO,score_M2_Macrophage,leave:LGG+TGCT,30,0.1255,0.1044,0.1464,110.68,0.738,,,,
L2CO,score_Myeloid,leave:LGG+TGCT,30,0.1005,0.0793,0.1215,96.77,0.7,,,,
L2CO,score_M2_Macrophage,leave:LGG+THCA,30,0.1241,0.1026,0.1455,111.65,0.74,,,,
L2CO,score_Myeloid,leave:LGG+THCA,30,0.0981,0.0765,0.1197,99.28,0.708,,,,
L2CO,score_M2_Macrophage,leave:LGG+THYM,30,0.118,0.097,0.139,87.78,0.67,,,,
L2CO,score_Myeloid,leave:LGG+THYM,30,0.0936,0.0725,0.1147,85.76,0.662,,,,
L2CO,score_M2_Macrophage,leave:LGG+UCEC,30,0.1225,0.1014,0.1435,110.52,0.738,,,,
L2CO,score_Myeloid,leave:LGG+UCEC,30,0.0974,0.0762,0.1185,98.99,0.707,,,,
L2CO,score_M2_Macrophage,leave:LGG+UCS,30,0.1228,0.1018,0.1436,109.11,0.734,,,,
L2CO,score_Myeloid,leave:LGG+UCS,30,0.0967,0.0757,0.1177,96.09,0.698,,,,
L2CO,score_M2_Macrophage,leave:LGG+UVM,30,0.1257,0.1047,0.1465,109.29,0.735,,,,
L2CO,score_Myeloid,leave:LGG+UVM,30,0.1,0.0789,0.121,96.19,0.699,,,,
L2CO,score_M2_Macrophage,leave:LIHC+LUAD,30,0.1393,0.118,0.1604,124.84,0.768,,,,
L2CO,score_Myeloid,leave:LIHC+LUAD,30,0.1097,0.0883,0.1311,118.74,0.756,,,,
L2CO,score_M2_Macrophage,leave:LIHC+LUSC,30,0.1391,0.1178,0.1602,125.15,0.768,,,,
L2CO,score_Myeloid,leave:LIHC+LUSC,30,0.1175,0.0962,0.1388,104.65,0.723,,,,
L2CO,score_M2_Macrophage,leave:LIHC+MESO,30,0.133,0.1122,0.1536,131.64,0.78,,,,
L2CO,score_Myeloid,leave:LIHC+MESO,30,0.1082,0.0873,0.129,119.05,0.756,,,,
L2CO,score_M2_Macrophage,leave:LIHC+OV,30,0.1336,0.1124,0.1547,131.81,0.78,,,,
L2CO,score_Myeloid,leave:LIHC+OV,30,0.1083,0.087,0.1295,119.33,0.757,,,,
L2CO,score_M2_Macrophage,leave:LIHC+PAAD,30,0.1349,0.114,0.1556,129.1,0.775,,,,
L2CO,score_Myeloid,leave:LIHC+PAAD,30,0.1091,0.0881,0.13,118.43,0.755,,,,
L2CO,score_M2_Macrophage,leave:LIHC+PCPG,30,0.1271,0.1062,0.1479,120.42,0.759,,,,
L2CO,score_Myeloid,leave:LIHC+PCPG,30,0.1009,0.0799,0.1219,100.07,0.71,,,,
L2CO,score_M2_Macrophage,leave:LIHC+PRAD,30,0.1276,0.1063,0.1488,128.92,0.775,,,,
L2CO,score_Myeloid,leave:LIHC+PRAD,30,0.105,0.0836,0.1263,118.4,0.755,,,,
L2CO,score_M2_Macrophage,leave:LIHC+READ,30,0.1328,0.1121,0.1535,131.83,0.78,,,,
L2CO,score_Myeloid,leave:LIHC+READ,30,0.1081,0.0873,0.1289,119.14,0.757,,,,
L2CO,score_M2_Macrophage,leave:LIHC+SARC,30,0.1369,0.1159,0.1577,125.64,0.769,,,,
L2CO,score_Myeloid,leave:LIHC+SARC,30,0.1129,0.0918,0.1339,111.03,0.739,,,,
L2CO,score_M2_Macrophage,leave:LIHC+SKCM,30,0.1306,0.1098,0.1513,130.09,0.777,,,,
L2CO,score_Myeloid,leave:LIHC+SKCM,30,0.1062,0.0853,0.127,117.88,0.754,,,,
L2CO,score_M2_Macrophage,leave:LIHC+STAD,30,0.1392,0.1181,0.1602,123.24,0.765,,,,
L2CO,score_Myeloid,leave:LIHC+STAD,30,0.1118,0.0905,0.133,116.21,0.75,,,,
L2CO,score_M2_Macrophage,leave:LIHC+TGCT,30,0.1337,0.1129,0.1544,130.99,0.779,,,,
L2CO,score_Myeloid,leave:LIHC+TGCT,30,0.1099,0.089,0.1308,116.54,0.751,,,,
L2CO,score_M2_Macrophage,leave:LIHC+THCA,30,0.1327,0.1114,0.1539,132.13,0.781,,,,
L2CO,score_Myeloid,leave:LIHC+THCA,30,0.108,0.0866,0.1294,119.39,0.757,,,,
L2CO,score_M2_Macrophage,leave:LIHC+THYM,30,0.1264,0.1055,0.1471,109.17,0.734,,,,
L2CO,score_Myeloid,leave:LIHC+THYM,30,0.1032,0.0822,0.124,106.64,0.728,,,,
L2CO,score_M2_Macrophage,leave:LIHC+UCEC,30,0.1308,0.1099,0.1516,131.26,0.779,,,,
L2CO,score_Myeloid,leave:LIHC+UCEC,30,0.107,0.0859,0.1279,119.25,0.757,,,,
L2CO,score_M2_Macrophage,leave:LIHC+UCS,30,0.1309,0.1102,0.1516,129.81,0.777,,,,
L2CO,score_Myeloid,leave:LIHC+UCS,30,0.1061,0.0853,0.1269,116.47,0.751,,,,
L2CO,score_M2_Macrophage,leave:LIHC+UVM,30,0.1338,0.1131,0.1544,129.57,0.776,,,,
L2CO,score_Myeloid,leave:LIHC+UVM,30,0.1094,0.0885,0.1302,116.03,0.75,,,,
L2CO,score_M2_Macrophage,leave:LUAD+LUSC,30,0.1512,0.1298,0.1724,120.02,0.758,,,,
L2CO,score_Myeloid,leave:LUAD+LUSC,30,0.1225,0.101,0.1439,104.22,0.722,,,,
L2CO,score_M2_Macrophage,leave:LUAD+MESO,30,0.1445,0.1236,0.1652,127.83,0.773,,,,
L2CO,score_Myeloid,leave:LUAD+MESO,30,0.1128,0.0917,0.1337,119.4,0.757,,,,
L2CO,score_M2_Macrophage,leave:LUAD+OV,30,0.1456,0.1243,0.1668,127.82,0.773,,,,
L2CO,score_Myeloid,leave:LUAD+OV,30,0.113,0.0916,0.1344,119.67,0.758,,,,
L2CO,score_M2_Macrophage,leave:LUAD+PAAD,30,0.1465,0.1255,0.1674,124.88,0.768,,,,
L2CO,score_Myeloid,leave:LUAD+PAAD,30,0.1137,0.0926,0.1348,118.71,0.756,,,,
L2CO,score_M2_Macrophage,leave:LUAD+PCPG,30,0.1386,0.1176,0.1595,117.81,0.754,,,,
L2CO,score_Myeloid,leave:LUAD+PCPG,30,0.1054,0.0842,0.1265,100.99,0.713,,,,
L2CO,score_M2_Macrophage,leave:LUAD+PRAD,30,0.1396,0.1182,0.1609,126.16,0.77,,,,
L2CO,score_Myeloid,leave:LUAD+PRAD,30,0.1097,0.0881,0.1312,119.0,0.756,,,,
L2CO,score_M2_Macrophage,leave:LUAD+READ,30,0.1443,0.1235,0.1651,128.04,0.774,,,,
L2CO,score_Myeloid,leave:LUAD+READ,30,0.1127,0.0917,0.1337,119.5,0.757,,,,
L2CO,score_M2_Macrophage,leave:LUAD+SARC,30,0.1487,0.1276,0.1696,120.99,0.76,,,,
L2CO,score_Myeloid,leave:LUAD+SARC,30,0.1176,0.0964,0.1387,111.0,0.739,,,,
L2CO,score_M2_Macrophage,leave:LUAD+SKCM,30,0.1421,0.1212,0.1629,126.76,0.771,,,,
L2CO,score_Myeloid,leave:LUAD+SKCM,30,0.1107,0.0896,0.1317,118.39,0.755,,,,
L2CO,score_M2_Macrophage,leave:LUAD+STAD,30,0.1512,0.13,0.1724,118.09,0.754,,,,
L2CO,score_Myeloid,leave:LUAD+STAD,30,0.1166,0.0952,0.1379,116.26,0.751,,,,
L2CO,score_M2_Macrophage,leave:LUAD+TGCT,30,0.1453,0.1243,0.1661,127.02,0.772,,,,
L2CO,score_Myeloid,leave:LUAD+TGCT,30,0.1145,0.0934,0.1355,116.75,0.752,,,,
L2CO,score_M2_Macrophage,leave:LUAD+THCA,30,0.1448,0.1234,0.1661,128.32,0.774,,,,
L2CO,score_Myeloid,leave:LUAD+THCA,30,0.1128,0.0913,0.1343,119.74,0.758,,,,
L2CO,score_M2_Macrophage,leave:LUAD+THYM,30,0.1378,0.1168,0.1586,106.71,0.728,,,,
L2CO,score_Myeloid,leave:LUAD+THYM,30,0.1077,0.0866,0.1287,107.39,0.73,,,,
L2CO,score_M2_Macrophage,leave:LUAD+UCEC,30,0.1424,0.1214,0.1633,127.88,0.773,,,,
L2CO,score_Myeloid,leave:LUAD+UCEC,30,0.1115,0.0904,0.1326,119.7,0.758,,,,
L2CO,score_M2_Macrophage,leave:LUAD+UCS,30,0.1424,0.1215,0.1631,126.42,0.771,,,,
L2CO,score_Myeloid,leave:LUAD+UCS,30,0.1107,0.0896,0.1316,116.99,0.752,,,,
L2CO,score_M2_Macrophage,leave:LUAD+UVM,30,0.1453,0.1244,0.166,125.59,0.769,,,,
L2CO,score_Myeloid,leave:LUAD+UVM,30,0.114,0.093,0.1349,116.28,0.751,,,,
L2CO,score_M2_Macrophage,leave:LUSC+MESO,30,0.1442,0.1234,0.165,128.15,0.774,,,,
L2CO,score_Myeloid,leave:LUSC+MESO,30,0.1203,0.0993,0.1412,104.93,0.724,,,,
L2CO,score_M2_Macrophage,leave:LUSC+OV,30,0.1453,0.124,0.1665,128.15,0.774,,,,
L2CO,score_Myeloid,leave:LUSC+OV,30,0.1209,0.0994,0.1422,105.14,0.724,,,,
L2CO,score_M2_Macrophage,leave:LUSC+PAAD,30,0.1462,0.1253,0.1671,125.22,0.768,,,,
L2CO,score_Myeloid,leave:LUSC+PAAD,30,0.1213,0.1002,0.1423,104.11,0.721,,,,
L2CO,score_M2_Macrophage,leave:LUSC+PCPG,30,0.1384,0.1174,0.1592,118.11,0.754,,,,
L2CO,score_Myeloid,leave:LUSC+PCPG,30,0.1131,0.0919,0.1341,87.48,0.669,,,,
L2CO,score_M2_Macrophage,leave:LUSC+PRAD,30,0.1393,0.1179,0.1606,126.46,0.771,,,,
L2CO,score_Myeloid,leave:LUSC+PRAD,30,0.1176,0.0961,0.139,104.91,0.724,,,,
L2CO,score_M2_Macrophage,leave:LUSC+READ,30,0.1441,0.1232,0.1648,128.37,0.774,,,,
L2CO,score_Myeloid,leave:LUSC+READ,30,0.1202,0.0992,0.1411,105.03,0.724,,,,
L2CO,score_M2_Macrophage,leave:LUSC+SARC,30,0.1484,0.1273,0.1693,121.34,0.761,,,,
L2CO,score_Myeloid,leave:LUSC+SARC,30,0.1253,0.1041,0.1463,95.88,0.698,,,,
L2CO,score_M2_Macrophage,leave:LUSC+SKCM,30,0.1418,0.1209,0.1626,127.08,0.772,,,,
L2CO,score_Myeloid,leave:LUSC+SKCM,30,0.1183,0.0972,0.1392,104.19,0.722,,,,
L2CO,score_M2_Macrophage,leave:LUSC+STAD,30,0.151,0.1297,0.1721,118.44,0.755,,,,
L2CO,score_Myeloid,leave:LUSC+STAD,30,0.1244,0.103,0.1457,101.26,0.714,,,,
L2CO,score_M2_Macrophage,leave:LUSC+TGCT,30,0.145,0.1241,0.1658,127.35,0.772,,,,
L2CO,score_Myeloid,leave:LUSC+TGCT,30,0.1221,0.1011,0.1431,102.04,0.716,,,,
L2CO,score_M2_Macrophage,leave:LUSC+THCA,30,0.1445,0.1231,0.1658,128.65,0.775,,,,
L2CO,score_Myeloid,leave:LUSC+THCA,30,0.1208,0.0992,0.1422,105.23,0.724,,,,
L2CO,score_M2_Macrophage,leave:LUSC+THYM,30,0.1376,0.1166,0.1584,107.0,0.729,,,,
L2CO,score_Myeloid,leave:LUSC+THYM,30,0.1153,0.0942,0.1362,93.58,0.69,,,,
L2CO,score_M2_Macrophage,leave:LUSC+UCEC,30,0.1421,0.1211,0.163,128.2,0.774,,,,
L2CO,score_Myeloid,leave:LUSC+UCEC,30,0.1192,0.098,0.1402,105.38,0.725,,,,
L2CO,score_M2_Macrophage,leave:LUSC+UCS,30,0.1421,0.1213,0.1628,126.74,0.771,,,,
L2CO,score_Myeloid,leave:LUSC+UCS,30,0.1182,0.0972,0.139,102.8,0.718,,,,
L2CO,score_M2_Macrophage,leave:LUSC+UVM,30,0.145,0.1242,0.1658,125.92,0.77,,,,
L2CO,score_Myeloid,leave:LUSC+UVM,30,0.1215,0.1005,0.1424,101.65,0.715,,,,
L2CO,score_M2_Macrophage,leave:MESO+OV,30,0.1389,0.1181,0.1596,135.31,0.786,,,,
L2CO,score_Myeloid,leave:MESO+OV,30,0.1113,0.0904,0.1322,120.07,0.758,,,,
L2CO,score_M2_Macrophage,leave:MESO+PAAD,30,0.14,0.1195,0.1604,132.49,0.781,,,,
L2CO,score_Myeloid,leave:MESO+PAAD,30,0.112,0.0914,0.1326,119.13,0.757,,,,
L2CO,score_M2_Macrophage,leave:MESO+PCPG,30,0.1325,0.1119,0.1529,124.54,0.767,,,,
L2CO,score_Myeloid,leave:MESO+PCPG,30,0.1041,0.0835,0.1247,101.2,0.713,,,,
L2CO,score_M2_Macrophage,leave:MESO+PRAD,30,0.1331,0.1122,0.1539,132.98,0.782,,,,
L2CO,score_Myeloid,leave:MESO+PRAD,30,0.1081,0.0871,0.1291,119.31,0.757,,,,
L2CO,score_M2_Macrophage,leave:MESO+READ,30,0.138,0.1176,0.1583,135.4,0.786,,,,
L2CO,score_Myeloid,leave:MESO+READ,30,0.1111,0.0905,0.1315,119.89,0.758,,,,
L2CO,score_M2_Macrophage,leave:MESO+SARC,30,0.142,0.1214,0.1624,128.84,0.775,,,,
L2CO,score_Myeloid,leave:MESO+SARC,30,0.1157,0.095,0.1363,111.54,0.74,,,,
L2CO,score_M2_Macrophage,leave:MESO+SKCM,30,0.1358,0.1154,0.1561,133.87,0.783,,,,
L2CO,score_Myeloid,leave:MESO+SKCM,30,0.1092,0.0886,0.1296,118.72,0.756,,,,
L2CO,score_M2_Macrophage,leave:MESO+STAD,30,0.1443,0.1236,0.1649,126.23,0.77,,,,
L2CO,score_Myeloid,leave:MESO+STAD,30,0.1147,0.0938,0.1355,116.76,0.752,,,,
L2CO,score_M2_Macrophage,leave:MESO+TGCT,30,0.1388,0.1184,0.1592,134.49,0.784,,,,
L2CO,score_Myeloid,leave:MESO+TGCT,30,0.1128,0.0922,0.1333,117.19,0.753,,,,
L2CO,score_M2_Macrophage,leave:MESO+THCA,30,0.1381,0.1172,0.1589,135.71,0.786,,,,
L2CO,score_Myeloid,leave:MESO+THCA,30,0.1111,0.0901,0.1321,120.13,0.759,,,,
L2CO,score_M2_Macrophage,leave:MESO+THYM,30,0.1317,0.1112,0.1521,113.35,0.744,,,,
L2CO,score_Myeloid,leave:MESO+THYM,30,0.1063,0.0857,0.1268,107.65,0.731,,,,
L2CO,score_M2_Macrophage,leave:MESO+UCEC,30,0.136,0.1155,0.1564,135.02,0.785,,,,
L2CO,score_Myeloid,leave:MESO+UCEC,30,0.11,0.0893,0.1305,120.06,0.758,,,,
L2CO,score_M2_Macrophage,leave:MESO+UCS,30,0.1361,0.1157,0.1564,133.56,0.783,,,,
L2CO,score_Myeloid,leave:MESO+UCS,30,0.1091,0.0886,0.1295,117.32,0.753,,,,
L2CO,score_M2_Macrophage,leave:MESO+UVM,30,0.1389,0.1185,0.1592,133.06,0.782,,,,
L2CO,score_Myeloid,leave:MESO+UVM,30,0.1123,0.0918,0.1327,116.71,0.752,,,,
L2CO,score_M2_Macrophage,leave:OV+PAAD,30,0.1409,0.12,0.1617,132.57,0.781,,,,
L2CO,score_Myeloid,leave:OV+PAAD,30,0.1122,0.0912,0.1332,119.39,0.757,,,,
L2CO,score_M2_Macrophage,leave:OV+PCPG,30,0.1331,0.1121,0.1539,124.72,0.767,,,,
L2CO,score_Myeloid,leave:OV+PCPG,30,0.104,0.083,0.125,101.48,0.714,,,,
L2CO,score_M2_Macrophage,leave:OV+PRAD,30,0.1338,0.1125,0.155,133.15,0.782,,,,
L2CO,score_Myeloid,leave:OV+PRAD,30,0.1082,0.0867,0.1296,119.59,0.757,,,,
L2CO,score_M2_Macrophage,leave:OV+READ,30,0.1388,0.118,0.1595,135.51,0.786,,,,
L2CO,score_Myeloid,leave:OV+READ,30,0.1113,0.0903,0.1321,120.16,0.759,,,,
L2CO,score_M2_Macrophage,leave:OV+SARC,30,0.143,0.122,0.1638,128.89,0.775,,,,
L2CO,score_Myeloid,leave:OV+SARC,30,0.1161,0.095,0.1371,111.78,0.741,,,,
L2CO,score_M2_Macrophage,leave:OV+SKCM,30,0.1365,0.1157,0.1573,134.01,0.784,,,,
L2CO,score_Myeloid,leave:OV+SKCM,30,0.1093,0.0883,0.1301,119.0,0.756,,,,
L2CO,score_M2_Macrophage,leave:OV+STAD,30,0.1454,0.1242,0.1665,126.23,0.77,,,,
L2CO,score_Myeloid,leave:OV+STAD,30,0.115,0.0937,0.1363,117.02,0.752,,,,
L2CO,score_M2_Macrophage,leave:OV+TGCT,30,0.1397,0.1188,0.1604,134.58,0.785,,,,
L2CO,score_Myeloid,leave:OV+TGCT,30,0.1131,0.0921,0.134,117.46,0.753,,,,
L2CO,score_M2_Macrophage,leave:OV+THCA,30,0.139,0.1176,0.1601,135.82,0.786,,,,
L2CO,score_Myeloid,leave:OV+THCA,30,0.1113,0.0899,0.1327,120.41,0.759,,,,
L2CO,score_M2_Macrophage,leave:OV+THYM,30,0.1323,0.1114,0.1531,113.54,0.745,,,,
L2CO,score_Myeloid,leave:OV+THYM,30,0.1063,0.0853,0.1272,107.93,0.731,,,,
L2CO,score_M2_Macrophage,leave:OV+UCEC,30,0.1368,0.1159,0.1576,135.16,0.785,,,,
L2CO,score_Myeloid,leave:OV+UCEC,30,0.1101,0.089,0.131,120.33,0.759,,,,
L2CO,score_M2_Macrophage,leave:OV+UCS,30,0.1369,0.1161,0.1575,133.7,0.783,,,,
L2CO,score_Myeloid,leave:OV+UCS,30,0.1092,0.0883,0.13,117.6,0.753,,,,
L2CO,score_M2_Macrophage,leave:OV+UVM,30,0.1398,0.119,0.1604,133.16,0.782,,,,
L2CO,score_Myeloid,leave:OV+UVM,30,0.1125,0.0916,0.1333,116.98,0.752,,,,
L2CO,score_M2_Macrophage,leave:PAAD+PCPG,30,0.1343,0.1136,0.1548,122.01,0.762,,,,
L2CO,score_Myeloid,leave:PAAD+PCPG,30,0.1049,0.0842,0.1256,100.64,0.712,,,,
L2CO,score_M2_Macrophage,leave:PAAD+PRAD,30,0.1351,0.114,0.156,130.43,0.778,,,,
L2CO,score_Myeloid,leave:PAAD+PRAD,30,0.109,0.0879,0.1301,118.69,0.756,,,,
L2CO,score_M2_Macrophage,leave:PAAD+READ,30,0.1398,0.1193,0.1602,132.69,0.781,,,,
L2CO,score_Myeloid,leave:PAAD+READ,30,0.112,0.0913,0.1325,119.22,0.757,,,,
L2CO,score_M2_Macrophage,leave:PAAD+SARC,30,0.1439,0.1232,0.1645,125.99,0.77,,,,
L2CO,score_Myeloid,leave:PAAD+SARC,30,0.1167,0.0958,0.1374,110.79,0.738,,,,
L2CO,score_M2_Macrophage,leave:PAAD+SKCM,30,0.1377,0.1171,0.1581,131.23,0.779,,,,
L2CO,score_Myeloid,leave:PAAD+SKCM,30,0.11,0.0894,0.1306,118.09,0.754,,,,
L2CO,score_M2_Macrophage,leave:PAAD+STAD,30,0.1463,0.1255,0.1671,123.29,0.765,,,,
L2CO,score_Myeloid,leave:PAAD+STAD,30,0.1157,0.0946,0.1366,116.03,0.75,,,,
L2CO,score_M2_Macrophage,leave:PAAD+TGCT,30,0.1407,0.1202,0.1612,131.75,0.78,,,,
L2CO,score_Myeloid,leave:PAAD+TGCT,30,0.1137,0.093,0.1343,116.5,0.751,,,,
L2CO,score_M2_Macrophage,leave:PAAD+THCA,30,0.1401,0.119,0.1609,132.99,0.782,,,,
L2CO,score_Myeloid,leave:PAAD+THCA,30,0.112,0.0909,0.1331,119.46,0.757,,,,
L2CO,score_M2_Macrophage,leave:PAAD+THYM,30,0.1335,0.113,0.154,110.85,0.738,,,,
L2CO,score_Myeloid,leave:PAAD+THYM,30,0.1071,0.0864,0.1277,107.05,0.729,,,,
L2CO,score_M2_Macrophage,leave:PAAD+UCEC,30,0.1379,0.1173,0.1584,132.38,0.781,,,,
L2CO,score_Myeloid,leave:PAAD+UCEC,30,0.1108,0.0901,0.1315,119.41,0.757,,,,
L2CO,score_M2_Macrophage,leave:PAAD+UCS,30,0.138,0.1175,0.1583,130.92,0.778,,,,
L2CO,score_Myeloid,leave:PAAD+UCS,30,0.11,0.0894,0.1305,116.69,0.751,,,,
L2CO,score_M2_Macrophage,leave:PAAD+UVM,30,0.1408,0.1203,0.1612,130.32,0.777,,,,
L2CO,score_Myeloid,leave:PAAD+UVM,30,0.1132,0.0926,0.1337,116.02,0.75,,,,
L2CO,score_M2_Macrophage,leave:PCPG+PRAD,30,0.1272,0.1061,0.1481,121.78,0.762,,,,
L2CO,score_Myeloid,leave:PCPG+PRAD,30,0.1008,0.0796,0.1218,100.31,0.711,,,,
L2CO,score_M2_Macrophage,leave:PCPG+READ,30,0.1323,0.1118,0.1528,124.73,0.767,,,,
L2CO,score_Myeloid,leave:PCPG+READ,30,0.1041,0.0834,0.1246,101.28,0.714,,,,
L2CO,score_M2_Macrophage,leave:PCPG+SARC,30,0.1363,0.1155,0.1569,118.58,0.755,,,,
L2CO,score_Myeloid,leave:PCPG+SARC,30,0.1086,0.0878,0.1294,93.52,0.69,,,,
L2CO,score_M2_Macrophage,leave:PCPG+SKCM,30,0.1301,0.1095,0.1506,122.96,0.764,,,,
L2CO,score_Myeloid,leave:PCPG+SKCM,30,0.1021,0.0814,0.1227,99.88,0.71,,,,
L2CO,score_M2_Macrophage,leave:PCPG+STAD,30,0.1385,0.1176,0.1593,116.2,0.75,,,,
L2CO,score_Myeloid,leave:PCPG+STAD,30,0.1075,0.0864,0.1284,98.61,0.706,,,,
L2CO,score_M2_Macrophage,leave:PCPG+TGCT,30,0.1332,0.1125,0.1537,123.9,0.766,,,,
L2CO,score_Myeloid,leave:PCPG+TGCT,30,0.1058,0.085,0.1264,98.81,0.706,,,,
L2CO,score_M2_Macrophage,leave:PCPG+THCA,30,0.1322,0.1111,0.1531,125.03,0.768,,,,
L2CO,score_Myeloid,leave:PCPG+THCA,30,0.1038,0.0826,0.1249,101.52,0.714,,,,
L2CO,score_M2_Macrophage,leave:PCPG+THYM,30,0.126,0.1054,0.1465,102.01,0.716,,,,
L2CO,score_Myeloid,leave:PCPG+THYM,30,0.0992,0.0785,0.1198,88.43,0.672,,,,
L2CO,score_M2_Macrophage,leave:PCPG+UCEC,30,0.1303,0.1096,0.1508,124.14,0.766,,,,
L2CO,score_Myeloid,leave:PCPG+UCEC,30,0.1029,0.0821,0.1235,101.31,0.714,,,,
L2CO,score_M2_Macrophage,leave:PCPG+UCS,30,0.1305,0.1099,0.1509,122.69,0.764,,,,
L2CO,score_Myeloid,leave:PCPG+UCS,30,0.1021,0.0815,0.1227,98.47,0.706,,,,
L2CO,score_M2_Macrophage,leave:PCPG+UVM,30,0.1333,0.1127,0.1537,122.48,0.763,,,,
L2CO,score_Myeloid,leave:PCPG+UVM,30,0.1053,0.0846,0.1259,98.26,0.705,,,,
L2CO,score_M2_Macrophage,leave:PRAD+READ,30,0.133,0.1121,0.1538,133.17,0.782,,,,
L2CO,score_Myeloid,leave:PRAD+READ,30,0.1081,0.087,0.129,119.4,0.757,,,,
L2CO,score_M2_Macrophage,leave:PRAD+SARC,30,0.1371,0.116,0.1581,126.96,0.772,,,,
L2CO,score_Myeloid,leave:PRAD+SARC,30,0.1129,0.0917,0.134,111.29,0.739,,,,
L2CO,score_M2_Macrophage,leave:PRAD+SKCM,30,0.1307,0.1098,0.1516,131.43,0.779,,,,
L2CO,score_Myeloid,leave:PRAD+SKCM,30,0.1061,0.085,0.127,118.13,0.755,,,,
L2CO,score_M2_Macrophage,leave:PRAD+STAD,30,0.1395,0.1182,0.1606,124.55,0.767,,,,
L2CO,score_Myeloid,leave:PRAD+STAD,30,0.1118,0.0903,0.1331,116.46,0.751,,,,
L2CO,score_M2_Macrophage,leave:PRAD+TGCT,30,0.1339,0.1129,0.1548,132.33,0.781,,,,
L2CO,score_Myeloid,leave:PRAD+TGCT,30,0.1099,0.0888,0.1309,116.79,0.752,,,,
L2CO,score_M2_Macrophage,leave:PRAD+THCA,30,0.1329,0.1114,0.1542,133.47,0.783,,,,
L2CO,score_Myeloid,leave:PRAD+THCA,30,0.108,0.0864,0.1294,119.64,0.758,,,,
L2CO,score_M2_Macrophage,leave:PRAD+THYM,30,0.1264,0.1054,0.1473,110.52,0.738,,,,
L2CO,score_Myeloid,leave:PRAD+THYM,30,0.103,0.0819,0.124,106.88,0.729,,,,
L2CO,score_M2_Macrophage,leave:PRAD+UCEC,30,0.1309,0.1099,0.1518,132.6,0.781,,,,
L2CO,score_Myeloid,leave:PRAD+UCEC,30,0.1069,0.0857,0.1279,119.5,0.757,,,,
L2CO,score_M2_Macrophage,leave:PRAD+UCS,30,0.1311,0.1102,0.1519,131.16,0.779,,,,
L2CO,score_Myeloid,leave:PRAD+UCS,30,0.106,0.085,0.127,116.72,0.752,,,,
L2CO,score_M2_Macrophage,leave:PRAD+UVM,30,0.134,0.1131,0.1548,130.91,0.778,,,,
L2CO,score_Myeloid,leave:PRAD+UVM,30,0.1094,0.0883,0.1303,116.29,0.751,,,,
L2CO,score_M2_Macrophage,leave:READ+SARC,30,0.1419,0.1213,0.1623,129.05,0.775,,,,
L2CO,score_Myeloid,leave:READ+SARC,30,0.1157,0.0949,0.1363,111.63,0.74,,,,
L2CO,score_M2_Macrophage,leave:READ+SKCM,30,0.1357,0.1152,0.156,134.07,0.784,,,,
L2CO,score_Myeloid,leave:READ+SKCM,30,0.1091,0.0885,0.1296,118.81,0.756,,,,
L2CO,score_M2_Macrophage,leave:READ+STAD,30,0.1442,0.1234,0.1648,126.45,0.771,,,,
L2CO,score_Myeloid,leave:READ+STAD,30,0.1147,0.0937,0.1355,116.86,0.752,,,,
L2CO,score_M2_Macrophage,leave:READ+TGCT,30,0.1387,0.1182,0.1591,134.69,0.785,,,,
L2CO,score_Myeloid,leave:READ+TGCT,30,0.1127,0.0921,0.1333,117.29,0.753,,,,
L2CO,score_M2_Macrophage,leave:READ+THCA,30,0.138,0.117,0.1587,135.91,0.787,,,,
L2CO,score_Myeloid,leave:READ+THCA,30,0.1111,0.09,0.132,120.23,0.759,,,,
L2CO,score_M2_Macrophage,leave:READ+THYM,30,0.1316,0.1111,0.152,113.54,0.745,,,,
L2CO,score_Myeloid,leave:READ+THYM,30,0.1062,0.0856,0.1267,107.73,0.731,,,,
L2CO,score_M2_Macrophage,leave:READ+UCEC,30,0.1359,0.1154,0.1563,135.22,0.786,,,,
L2CO,score_Myeloid,leave:READ+UCEC,30,0.1099,0.0892,0.1305,120.15,0.759,,,,
L2CO,score_M2_Macrophage,leave:READ+UCS,30,0.136,0.1156,0.1563,133.76,0.783,,,,
L2CO,score_Myeloid,leave:READ+UCS,30,0.1091,0.0885,0.1295,117.41,0.753,,,,
L2CO,score_M2_Macrophage,leave:READ+UVM,30,0.1388,0.1184,0.1591,133.27,0.782,,,,
L2CO,score_Myeloid,leave:READ+UVM,30,0.1122,0.0917,0.1327,116.8,0.752,,,,
L2CO,score_M2_Macrophage,leave:SARC+SKCM,30,0.1396,0.119,0.1601,127.68,0.773,,,,
L2CO,score_Myeloid,leave:SARC+SKCM,30,0.1137,0.093,0.1344,110.63,0.738,,,,
L2CO,score_M2_Macrophage,leave:SARC+STAD,30,0.1485,0.1275,0.1693,119.41,0.757,,,,
L2CO,score_Myeloid,leave:SARC+STAD,30,0.1195,0.0984,0.1405,108.19,0.732,,,,
L2CO,score_M2_Macrophage,leave:SARC+TGCT,30,0.1428,0.1221,0.1633,128.07,0.774,,,,
L2CO,score_Myeloid,leave:SARC+TGCT,30,0.1175,0.0967,0.1381,108.79,0.733,,,,
L2CO,score_M2_Macrophage,leave:SARC+THCA,30,0.1422,0.1211,0.1631,129.35,0.776,,,,
L2CO,score_Myeloid,leave:SARC+THCA,30,0.1159,0.0947,0.1371,111.87,0.741,,,,
L2CO,score_M2_Macrophage,leave:SARC+THYM,30,0.1355,0.1148,0.156,107.44,0.73,,,,
L2CO,score_Myeloid,leave:SARC+THYM,30,0.1108,0.09,0.1315,99.79,0.709,,,,
L2CO,score_M2_Macrophage,leave:SARC+UCEC,30,0.1399,0.1192,0.1605,128.81,0.775,,,,
L2CO,score_Myeloid,leave:SARC+UCEC,30,0.1146,0.0937,0.1353,111.89,0.741,,,,
L2CO,score_M2_Macrophage,leave:SARC+UCS,30,0.1399,0.1194,0.1604,127.35,0.772,,,,
L2CO,score_Myeloid,leave:SARC+UCS,30,0.1137,0.093,0.1343,109.23,0.735,,,,
L2CO,score_M2_Macrophage,leave:SARC+UVM,30,0.1428,0.1222,0.1632,126.65,0.771,,,,
L2CO,score_Myeloid,leave:SARC+UVM,30,0.1169,0.0962,0.1375,108.35,0.732,,,,
L2CO,score_M2_Macrophage,leave:SKCM+STAD,30,0.1419,0.1212,0.1626,125.16,0.768,,,,
L2CO,score_Myeloid,leave:SKCM+STAD,30,0.1127,0.0917,0.1335,115.82,0.75,,,,
L2CO,score_M2_Macrophage,leave:SKCM+TGCT,30,0.1365,0.116,0.1569,133.19,0.782,,,,
L2CO,score_Myeloid,leave:SKCM+TGCT,30,0.1108,0.0902,0.1314,116.18,0.75,,,,
L2CO,score_M2_Macrophage,leave:SKCM+THCA,30,0.1357,0.1147,0.1565,134.38,0.784,,,,
L2CO,score_Myeloid,leave:SKCM+THCA,30,0.1091,0.088,0.13,119.06,0.756,,,,
L2CO,score_M2_Macrophage,leave:SKCM+THYM,30,0.1294,0.1089,0.1498,111.75,0.74,,,,
L2CO,score_Myeloid,leave:SKCM+THYM,30,0.1043,0.0837,0.1248,106.4,0.727,,,,
L2CO,score_M2_Macrophage,leave:SKCM+UCEC,30,0.1337,0.1131,0.1542,133.6,0.783,,,,
L2CO,score_Myeloid,leave:SKCM+UCEC,30,0.108,0.0873,0.1285,118.94,0.756,,,,
L2CO,score_M2_Macrophage,leave:SKCM+UCS,30,0.1338,0.1134,0.1541,132.15,0.781,,,,
L2CO,score_Myeloid,leave:SKCM+UCS,30,0.1072,0.0866,0.1276,116.18,0.75,,,,
L2CO,score_M2_Macrophage,leave:SKCM+UVM,30,0.1366,0.1162,0.1569,131.77,0.78,,,,
L2CO,score_Myeloid,leave:SKCM+UVM,30,0.1103,0.0898,0.1308,115.68,0.749,,,,
L2CO,score_M2_Macrophage,leave:STAD+TGCT,30,0.1451,0.1243,0.1658,125.43,0.769,,,,
L2CO,score_Myeloid,leave:STAD+TGCT,30,0.1165,0.0955,0.1373,114.05,0.746,,,,
L2CO,score_M2_Macrophage,leave:STAD+THCA,30,0.1446,0.1233,0.1658,126.72,0.771,,,,
L2CO,score_Myeloid,leave:STAD+THCA,30,0.1149,0.0934,0.1362,117.1,0.752,,,,
L2CO,score_M2_Macrophage,leave:STAD+THYM,30,0.1377,0.1169,0.1584,105.1,0.724,,,,
L2CO,score_Myeloid,leave:STAD+THYM,30,0.1097,0.0887,0.1306,104.92,0.724,,,,
L2CO,score_M2_Macrophage,leave:STAD+UCEC,30,0.1422,0.1213,0.163,126.28,0.77,,,,
L2CO,score_Myeloid,leave:STAD+UCEC,30,0.1135,0.0925,0.1345,117.1,0.752,,,,
L2CO,score_M2_Macrophage,leave:STAD+UCS,30,0.1422,0.1215,0.1629,124.82,0.768,,,,
L2CO,score_Myeloid,leave:STAD+UCS,30,0.1126,0.0917,0.1334,114.42,0.747,,,,
L2CO,score_M2_Macrophage,leave:STAD+UVM,30,0.1451,0.1244,0.1658,124.0,0.766,,,,
L2CO,score_Myeloid,leave:STAD+UVM,30,0.1159,0.095,0.1367,113.6,0.745,,,,
L2CO,score_M2_Macrophage,leave:TGCT+THCA,30,0.1389,0.1179,0.1597,135.0,0.785,,,,
L2CO,score_Myeloid,leave:TGCT+THCA,30,0.1129,0.0918,0.1339,117.53,0.753,,,,
L2CO,score_M2_Macrophage,leave:TGCT+THYM,30,0.1324,0.1119,0.1529,112.72,0.743,,,,
L2CO,score_Myeloid,leave:TGCT+THYM,30,0.1079,0.0873,0.1285,105.19,0.724,,,,
L2CO,score_M2_Macrophage,leave:TGCT+UCEC,30,0.1368,0.1162,0.1572,134.34,0.784,,,,
L2CO,score_Myeloid,leave:TGCT+UCEC,30,0.1116,0.0909,0.1322,117.49,0.753,,,,
L2CO,score_M2_Macrophage,leave:TGCT+UCS,30,0.1368,0.1164,0.1572,132.88,0.782,,,,
L2CO,score_Myeloid,leave:TGCT+UCS,30,0.1108,0.0902,0.1313,114.78,0.747,,,,
L2CO,score_M2_Macrophage,leave:TGCT+UVM,30,0.1396,0.1192,0.16,132.34,0.781,,,,
L2CO,score_Myeloid,leave:TGCT+UVM,30,0.114,0.0934,0.1345,114.07,0.746,,,,
L2CO,score_M2_Macrophage,leave:THCA+THYM,30,0.1314,0.1104,0.1523,113.84,0.745,,,,
L2CO,score_Myeloid,leave:THCA+THYM,30,0.106,0.0849,0.127,107.97,0.731,,,,
L2CO,score_M2_Macrophage,leave:THCA+UCEC,30,0.1359,0.1149,0.1568,135.53,0.786,,,,
L2CO,score_Myeloid,leave:THCA+UCEC,30,0.1099,0.0887,0.1309,120.39,0.759,,,,
L2CO,score_M2_Macrophage,leave:THCA+UCS,30,0.136,0.1151,0.1568,134.07,0.784,,,,
L2CO,score_Myeloid,leave:THCA+UCS,30,0.109,0.088,0.1299,117.66,0.754,,,,
L2CO,score_M2_Macrophage,leave:THCA+UVM,30,0.1389,0.118,0.1597,133.57,0.783,,,,
L2CO,score_Myeloid,leave:THCA+UVM,30,0.1123,0.0913,0.1333,117.05,0.752,,,,
L2CO,score_M2_Macrophage,leave:THYM+UCEC,30,0.1296,0.109,0.1501,112.92,0.743,,,,
L2CO,score_Myeloid,leave:THYM+UCEC,30,0.105,0.0843,0.1257,107.8,0.731,,,,
L2CO,score_M2_Macrophage,leave:THYM+UCS,30,0.1298,0.1093,0.1501,111.48,0.74,,,,
L2CO,score_Myeloid,leave:THYM+UCS,30,0.1043,0.0837,0.1248,105.0,0.724,,,,
L2CO,score_M2_Macrophage,leave:THYM+UVM,30,0.1325,0.1121,0.1529,111.31,0.739,,,,
L2CO,score_Myeloid,leave:THYM+UVM,30,0.1074,0.0869,0.1279,104.67,0.723,,,,
L2CO,score_M2_Macrophage,leave:UCEC+UCS,30,0.134,0.1135,0.1544,133.31,0.782,,,,
L2CO,score_Myeloid,leave:UCEC+UCS,30,0.1079,0.0873,0.1285,117.54,0.753,,,,
L2CO,score_M2_Macrophage,leave:UCEC+UVM,30,0.1368,0.1163,0.1572,132.91,0.782,,,,
L2CO,score_Myeloid,leave:UCEC+UVM,30,0.1111,0.0905,0.1317,117.0,0.752,,,,
L2CO,score_M2_Macrophage,leave:UCS+UVM,30,0.1369,0.1165,0.1572,131.45,0.779,,,,
L2CO,score_Myeloid,leave:UCS+UVM,30,0.1103,0.0898,0.1307,114.28,0.746,,,,
HELDOUT,score_M2_Macrophage,train32-70_seed42,22,0.1438,0.1205,0.1669,116.65,0.82,0.1438,0.1143,YES,NO
HELDOUT_VAL,score_M2_Macrophage,val30_seed42,10,0.1143,0.0732,0.1549,18.23,0.506,0.1438,0.1143,YES,NO
HELDOUT,score_Myeloid,train32-70_seed42,22,0.1229,0.0995,0.1461,99.17,0.788,0.1229,0.0697,YES,NO
HELDOUT_VAL,score_Myeloid,val30_seed42,10,0.0697,0.0284,0.1108,16.57,0.457,0.1229,0.0697,YES,NO
