num,line,doi,pmid,year_ms,status,cr_title,cr_year,cr_journal,pmid_doi,note
1,"Zhou H.; Deng X.. Intron Retention, an Orchestrated Program of Gene Expression R",10.1002/bies.202400248,39950398,2025,VERIFIED,"Intron Retention, an Orchestrated Program of Gene Expression Regulation",2025,BioEssays,10.1002/bies.202400248,DOI + PMID 双向一致
2,Merino G.; Conesa A.; Fernández E.. A benchmarking of workflows for detecting di,10.1093/bib/bbx122,29040385,2019,VERIFIED,A benchmarking of workflows for detecting differential splicing and differential expressio,2019,Briefings in Bioinformatics,10.1093/bib/bbx122,DOI + PMID 双向一致
3,"Nishio S, Emori C, Wiseman B, Fahrenkamp D, Dioguardi E, Zamora-Caballero S, et ",10.1016/j.cell.2024.02.013,38490181,2024,VERIFIED,ZP2 cleavage blocks polyspermy by modulating the architecture of the egg coat,2024,Cell,10.1016/j.cell.2024.02.013,DOI + PMID 双向一致
4,"Bezborodkina N, Smutin D, Adonin L. Co-Option and Conflict: The Deep Evolutionar",10.3390/ijms27135866,42450137,2026,VERIFIED,Co-Option and Conflict: The Deep Evolutionary History of ZP-Domain Proteins from ECMs to S,2026,International Journal of Molecular Sciences,10.3390/ijms27135866,DOI + PMID 双向一致
5,"Khan R, Azhar M, Umair M. Decoding the Genes Orchestrating Egg and Sperm Fusion ",10.3390/biomedicines12122850,39767756,2024,VERIFIED,Decoding the Genes Orchestrating Egg and Sperm Fusion Reactions and Their Roles in Fertili,2024,Biomedicines,10.3390/biomedicines12122850,DOI + PMID 双向一致
6,"Pulawska-Moon K, Ponikwicka-Tyszko D, Lebiedzinska W, et al. Novel ectopic expre",10.1002/ijc.35098,39039845,2024,VERIFIED,Novel ectopic expression of zona pellucida 3 glycoprotein in lung cancer promotes tumor gr,2024,International Journal of Cancer,10.1002/ijc.35098,DOI + PMID 双向一致
7,"Schultz IJ, Zimmerman Y, Moelans CB, et al. A tumor cell specific Zona Pellucida",10.3389/fonc.2023.1233039,38125942,2023,VERIFIED,A tumor cell specific Zona Pellucida glycoprotein 3 RNA transcript encodes an intracellula,2023,Frontiers in Oncology,10.3389/fonc.2023.1233039,DOI + PMID 双向一致
8,"Bleil JD, Wassarman PM. Structure and function of the zona pellucida: identifica",10.1016/0012-1606(80)90371-1,7380091,1980,VERIFIED,Structure and function of the zona pellucida: Identification and characterization of the p,1980,Developmental Biology,10.1016/0012-1606(80)90371-1,DOI + PMID 双向一致
9,"Pulawska K, Ponikwicka-Tyszko D, Lebiedzinska W, Guo P, Bernaczyk P, Pilaszewicz",10.1016/j.mce.2021.111502,34736966,2022,VERIFIED,Novel expression of zona pellucida 3 protein in normal testis; potential functional implic,2022,Molecular and Cellular Endocrinology,10.1016/j.mce.2021.111502,DOI + PMID 双向一致
10,"Costa J, Pereira R, Oliveira J, Alves Â, Marques-Magalhães Â, Frutuoso A, et al.",10.1016/j.tice.2018.11.001,30503065,2018,VERIFIED,Structural and molecular analysis of the cancer prostate cell line PC3: Oocyte zona pelluc,2018,Tissue and Cell,10.1016/j.tice.2018.11.001,DOI + PMID 双向一致
11,"Qu C, Yan X, Li Y. ZP3 promotes hepatocellular carcinoma progression via the Not",10.1186/s12957-026-04245-2,41664163,2026,VERIFIED,ZP3 promotes hepatocellular carcinoma progression via the Notch signaling pathway and is a,2026,World Journal of Surgical Oncology,10.1186/s12957-026-04245-2,DOI + PMID 双向一致
12,"Bi Y, Jin S, Tang G, Pan D, Song X, Zhu X, et al. Prognostic Significance of ZP3",10.2174/1386207325666221010112601,36221877,2023,VERIFIED,Prognostic Significance of ZP3 in Hepatocellular Carcinoma,2023,Combinatorial Chemistry &amp; High Throughput Scre,10.2174/1386207325666221010112601,DOI + PMID 双向一致
13,"Lyu G, Li D. ZP3 Expression in Pancreatic Adenocarcinoma: Its Implications for t",10.2174/0109298665350171241204153202,39791146,2025,VERIFIED,ZP3 Expression in Pancreatic Adenocarcinoma: Its Implications for the Prognosis and Therap,2025,Protein &amp; Peptide Letters,10.2174/0109298665350171241204153202,DOI + PMID 双向一致
14,"Ahluwalia P, Ahluwalia M, Mondal A, Sahajpal N, Kota V, Rojiani M, et al. Progno",10.1038/s41598-021-86888-7,33828127,2021,VERIFIED,Prognostic and therapeutic implications of extracellular matrix associated gene signature ,2021,Scientific Reports,10.1038/s41598-021-86888-7,DOI + PMID 双向一致
15,"Liu J, Cai X, Lin J, et al. Extracellular GPX4 impairs antitumor immunity via de",10.1016/j.cell.2025.12.002,41494530,2026,VERIFIED,Extracellular GPX4 impairs antitumor immunity via dendritic ZP3 receptors,2026,Cell,10.1016/j.cell.2025.12.002,DOI + PMID 双向一致
16,"Tang D, Kang R, Liu P, Kroemer G. Enhancing immunogenic cell death by targeting ",10.1080/2162402X.2026.2624244,41639774,2026,VERIFIED,Enhancing immunogenic cell death by targeting the GPX4-ZP3 immune checkpoint,2026,OncoImmunology,10.1080/2162402X.2026.2624244,DOI + PMID 双向一致
17,"Nakamura K, Smyth MJ. TREM2 marks tumor-associated macrophages. Signal Transduct",10.1038/s41392-020-00356-8,33037186,2020,VERIFIED,TREM2 marks tumor-associated macrophages,2020,Signal Transduction and Targeted Therapy,10.1038/s41392-020-00356-8,DOI + PMID 双向一致
18,"Zhou H, Wang J, Qiao Z, Liao X. UCP2 identifies immunosuppressive tumor-associat",10.32604/or.2026.082613,42500560,2026,VERIFIED,UCP2 Identifies Immunosuppressive Tumor-Associated Macrophages and Is Associated with Pred,2026,Oncology Research,10.32604/or.2026.082613,DOI + PMID 双向一致
19,Schafer S.; Miao K.; Benson C.; Heinig M.; Cook S.; Hubner N.. Alternative Splic,10.1002/0471142905.hg1116s87,26439713,2015,VERIFIED,Alternative Splicing Signatures in RNA‐seq Data: Percent Spliced in (PSI),2015,Current Protocols in Human Genetics,10.1002/0471142905.hg1116s87,DOI + PMID 双向一致
20,Ryan M.; Wong W.; Brown R.; Akbani R.; Su X.; Broom B.; Melott J.; Weinstein J..,10.1093/nar/gkv1288,26602693,2016,VERIFIED,TCGASpliceSeq a compendium of alternative mRNA splicing in cancer,2016,Nucleic Acids Research,10.1093/nar/gkv1288,DOI + PMID 双向一致
21,The Cancer Genome Atlas Research Network. Comprehensive genomic characterization,10.1038/nature07385,18772890,2008,VERIFIED,Comprehensive genomic characterization defines human glioblastoma genes and core pathways,2008,Nature,10.1038/nature07385,DOI + PMID 双向一致
22,Lonsdale J.; Thomas J.; Salvatore M.; Phillips R.; Lo E.; Shad S.; Hasz R.; Walt,10.1038/ng.2653,23715323,2013,VERIFIED,The Genotype-Tissue Expression (GTEx) project,2013,Nature Genetics,10.1038/ng.2653,DOI + PMID 双向一致
23,"The GTEx Consortium. Enhancing GTEx by bridging the gaps between genotype, gene ",10.1038/ng.3969,29019975,2017,VERIFIED,"Enhancing GTEx by bridging the gaps between genotype, gene expression, and disease",2017,Nature Genetics,10.1038/ng.3969,DOI + PMID 双向一致
24,Subramanian A.; Tamayo P.; Mootha V.; Mukherjee S.; Ebert B.; Gillette M.; Paulo,10.1073/pnas.0506580102,16199517,2005,VERIFIED,Gene set enrichment analysis: A knowledge-based approach for interpreting genome-wide expr,2005,Proceedings of the National Academy of Sciences,10.1073/pnas.0506580102,DOI + PMID 双向一致
25,Bates D.; Mächler M.; Bolker B.; Walker S.. Fitting Linear Mixed-Effects Models ,10.18637/jss.v067.i01,,2015,VERIFIED_DOI,"Fitting Linear Mixed-Effects Models Using
                    <b>lme4</b>",2015,Journal of Statistical Software,,DOI 解析成功（无 PMID 或 PMID 无 DOI）
26,"Wu W, Liu M, Lv Q, Ming Z, Song L, Chu J. Lipid metabolic plasticity in glioblas",10.3389/fonc.2026.1888793,42553060,2026,VERIFIED,"Lipid metabolic plasticity in glioblastoma: mechanisms, tumor microenvironment remodeling,",2026,Frontiers in Oncology,10.3389/fonc.2026.1888793,DOI + PMID 双向一致
27,"Supty S, Islam S, Riea A, Momin M, Sadekuzzaman M, Mow S, et al. Immune–angiogen",10.1016/j.prp.2026.156634,42541929,2026,VERIFIED,Immune–angiogenic crosstalk in glioblastoma: Mechanisms and therapeutic opportunities,2026,Pathology - Research and Practice,10.1016/j.prp.2026.156634,DOI + PMID 双向一致
28,"Zhang H, Wu X, Liao H, Zhang Y. Immune niche-associated and niche-regulated plas",10.3389/fimmu.2026.1857659,42433345,2026,VERIFIED,"Immune niche-associated and niche-regulated plasticity in glioblastoma: state transitions,",2026,Frontiers in Immunology,10.3389/fimmu.2026.1857659,DOI + PMID 双向一致
29,"Han S, Kim Y, Kim S, Lee C, Lee J, Kim M, et al. Programmable microfluidic model",10.1093/neuonc/noag151,42479151,2026,VERIFIED,Programmable microfluidic modeling of the glioblastoma immune microenvironment recapitulat,2026,Neuro-Oncology,10.1093/neuonc/noag151,DOI + PMID 双向一致
30,"Zhang D, Liu P. Molecular characteristics and modifications of glioblastoma affe",10.1016/j.expneurol.2026.115888,42341896,2026,VERIFIED,Molecular characteristics and modifications of glioblastoma affecting the efficacy of immu,2026,Experimental Neurology,10.1016/j.expneurol.2026.115888,DOI + PMID 双向一致
31,"Xu X, Zhang C, Li Y, Miao C, Chen Z, Luo Q. Integrative Single-Cell and Bulk Tra",10.1097/SCS.0000000000013133,42412600,2026,VERIFIED,"Integrative Single-Cell and Bulk Transcriptome Analysis Reveals Molecular Mechanisms, Prog",2026,Journal of Craniofacial Surgery,10.1097/SCS.0000000000013133,DOI + PMID 双向一致
32,"Luo X, Liu Y, Chen G, Ma X, Xu P, Li Y, et al. Self-assembled nano-PROTACs poten",10.1016/j.mtbio.2026.103491,42565085,2026,VERIFIED,Self-assembled nano-PROTACs potentiate colorectal cancer immunotherapy via downregulating ,2026,Materials Today Bio,10.1016/j.mtbio.2026.103491,DOI + PMID 双向一致
33,"Scafidi A, Kaoma T, Cerella C, Campus E, Grzyb K, Nosirov B, et al. Circulating ",10.1186/s12974-026-03964-3,42464264,2026,VERIFIED,Circulating immune profiling reveals impaired monocyte states and trajectories driving imm,2026,Journal of Neuroinflammation,10.1186/s12974-026-03964-3,DOI + PMID 双向一致
34,"Li L, Wang S, Duan L, Zhang L, Yan H, Zhu Y, et al. Targeting IL-33 in Precision",10.1007/s11481-026-10302-0,42430077,2026,VERIFIED,Targeting IL-33 in Precision Neuroimmunology: Cellular Mechanisms and Therapeutic Strategi,2026,Journal of Neuroimmune Pharmacology,10.1007/s11481-026-10302-0,DOI + PMID 双向一致
35,"Qian J, Wang C, Zhang Y, et al. Disease-associated microglia adopt stage-specifi",10.1016/j.immuni.2026.06.024,42497861,2026,VERIFIED,Disease-associated microglia adopt stage-specific phenotypes that regulate T cell fate and,2026,Immunity,10.1016/j.immuni.2026.06.024,DOI + PMID 双向一致
36,"Li W, Wang P, Yang Y, Hu J, Shafi S, Huang X, et al. Arachidonic acid promotes M",10.1016/j.intimp.2026.117206,42531784,2026,VERIFIED,Arachidonic acid promotes M2-like polarization of tumor-associated macrophages and glioma ,2026,International Immunopharmacology,10.1016/j.intimp.2026.117206,DOI + PMID 双向一致
37,"Berghoff AS, Kiesel B, Widhalm G, et al. Programmed death ligand 1 expression an",10.1093/neuonc/nou307,25355681,2015,VERIFIED,Programmed death ligand 1 expression and tumor-infiltrating lymphocytes in glioblastoma,2015,Neuro-Oncology,10.1093/neuonc/nou307,DOI + PMID 双向一致
38,"Zhong R, Li Q, Wang H, Kou Z, Guo S, Chen F, et al. Integrating MRI radiomics an",10.1186/s12935-026-04384-2,42324558,2026,VERIFIED,Integrating MRI radiomics and transcriptomics to predict IDH mutation status and prognosis,2026,Cancer Cell International,10.1186/s12935-026-04384-2,DOI + PMID 双向一致
39,"Feng X, Zhou J, He Z, Ying X, Kan T. Shared Genetic Architecture of Epilepsy and",10.2174/0115680096474313260623050646,42458946,2026,VERIFIED,Shared Genetic Architecture of Epilepsy and Glioma Revealed by Mendelian Randomization: Id,2026,Current Cancer Drug Targets,10.2174/0115680096474313260623050646,DOI + PMID 双向一致
40,"Palekkode N, Liu C, Chen J, Solomon D, Kumar S, Ko C, et al. Multi-omics profili",10.1016/j.compbiolchem.2026.109165,42308869,2026,VERIFIED,Multi-omics profiling identifies ACP2 as a lysosome-associated biomarker linked to immune ,2026,Computational Biology and Chemistry,10.1016/j.compbiolchem.2026.109165,DOI + PMID 双向一致
41,"Zhang X, Chen C, Fan Q, Chen S, Cao D, Hu Z, et al. Single-cell analysis reveals",10.3389/fimmu.2026.1820802,42548670,2026,VERIFIED,Single-cell analysis reveals KLF10-high macrophages induced by glioblastoma cells are asso,2026,Frontiers in Immunology,10.3389/fimmu.2026.1820802,DOI + PMID 双向一致
42,"Hu M, Wang Y, Li Y, Liu Z, Zhang G. Cuproptosis-related Gene SLC31A1 Correlates ",10.2174/0115748928461929260701074511,42460531,2026,VERIFIED,"Cuproptosis-related Gene SLC31A1 Correlates with M2 Macrophage
Infiltration and Serves as ",2026,Recent Patents on Anti-Cancer Drug Discovery,10.2174/0115748928461929260701074511,DOI + PMID 双向一致
43,"Chen F, Cai X, Liang R, Kang R, Liu J. Ferroptosis at the intersection of metabo",10.1016/j.smim.2026.102049,42497498,2026,VERIFIED,Ferroptosis at the intersection of metabolism and immunity in pancreatitis and pancreatic ,2026,Seminars in Immunology,10.1016/j.smim.2026.102049,DOI + PMID 双向一致
44,"Lin X, Wen Y, Lang J, Zhu Z, Guo Z, Wang L, et al. The emerging Nexus of STING s",10.1038/s41420-026-03214-8,42409781,2026,VERIFIED,The emerging Nexus of STING signaling and ferroptosis: from mechanisms to therapeutic oppo,2026,Cell Death Discovery,10.1038/s41420-026-03214-8,DOI + PMID 双向一致
45,"Song M, Wang X. Ferroptosis-mediated metabolic reprogramming as a driver of the ",10.3389/fimmu.2026.1848122,42433355,2026,VERIFIED,Ferroptosis-mediated metabolic reprogramming as a driver of the inflammatory microenvironm,2026,Frontiers in Immunology,10.3389/fimmu.2026.1848122,DOI + PMID 双向一致
46,"Zhao W, Li S, Li W. Integrative bulk and single-cell analyses implicate ASL in M",10.1007/s10142-026-01973-2,42420626,2026,VERIFIED,Integrative bulk and single-cell analyses implicate ASL in MIF-associated myeloid programs,2026,Functional &amp; Integrative Genomics,10.1007/s10142-026-01973-2,DOI + PMID 双向一致
47,"He Y, Yu J, Huang M, Lu P, Liu B, Zhang C, et al. Single-cell transcriptomics re",10.1186/s12885-026-16321-7,42374253,2026,VERIFIED,Single-cell transcriptomics reveals MAFB-driven macrophage reprogramming and immune diverg,2026,BMC Cancer,10.1186/s12885-026-16321-7,DOI + PMID 双向一致
48,"Dąbrowski M, Kaza B, Gielniewski B, Wojtaś B, Kamińska B, Maleszewska M. Microgl",10.55782/z4j0rp75,42370614,2026,VERIFIED,Microglia up‑regulate thromboxane A2 synthesis genes in response to C6 glioma‑conditioned ,2026,Acta Neurobiologiae Experimentalis,10.55782/z4j0rp75,DOI + PMID 双向一致
49,"Liu S, Liu X, Wu F, Li S, Qian Z, Zhao Z. A spatially resolved single-cell atlas",10.1016/j.nbd.2026.107530,42431468,2026,VERIFIED,A spatially resolved single-cell atlas identifies blood-brain barrier integrity as a centr,2026,Neurobiology of Disease,10.1016/j.nbd.2026.107530,DOI + PMID 双向一致
50,"Mossi Albiach A, Janusauskas J, Kjaer Jacobsen J, Kapustová I, Karamzadeh R, Kve",10.1016/j.medj.2026.101228,42492522,2026,VERIFIED,Tissue-reactive zonation of mesenchymal-like phenotypes in human glioblastoma,2026,Med,10.1016/j.medj.2026.101228,DOI + PMID 双向一致
51,"Wang R, Wu W, Wu X, Yuan Y, Zhang Z, Chen J, et al. Integrative single-cell and ",10.1186/s12967-026-08555-7,42436508,2026,VERIFIED,Integrative single-cell and spatial transcriptomic analysis reveals a lactate-driven cross,2026,Journal of Translational Medicine,10.1186/s12967-026-08555-7,DOI + PMID 双向一致
52,"Wang Y, Zhou D, Hong Z. Integrative Multi-Omics Analysis Identifies an SPP1-Asso",10.3390/genes17060610,42353769,2026,VERIFIED,Integrative Multi-Omics Analysis Identifies an SPP1-Associated Spatial Mesenchymal–Myeloid,2026,Genes,10.3390/genes17060610,DOI + PMID 双向一致
53,"Wang B, An Y, Shu Y, Cheng X, Chen X, Zhang X, et al. Integrated single-cell RNA",10.1371/journal.pone.0351849,42361107,2026,VERIFIED,Integrated single-cell RNA sequencing and Bulk-RNA technologies reveal the immunological c,2026,PLOS One,10.1371/journal.pone.0351849,DOI + PMID 双向一致
54,"Kang J, Xu Y, Zhao Q, Zhang B, Xu X, Yang B. Single-Cell Sequencing Reveals the ",10.32604/or.2026.079221,42358823,2026,VERIFIED,Single-Cell Sequencing Reveals the Heterogeneity of Glioma and Identifies IGFBP2 as A Pote,2026,Oncology Research,10.32604/or.2026.079221,DOI + PMID 双向一致
55,"Yang T, Yuan Y, Lu N, Han R, Xu Z. A mechanosensitive gene signature associated ",10.1186/s42466-026-00515-2,42568087,2026,VERIFIED,A mechanosensitive gene signature associated with immune landscape and survival in glioma:,2026,Neurological Research and Practice,10.1186/s42466-026-00515-2,DOI + PMID 双向一致
56,"Gandhi S, Ocaña-Tienda B, Bettencourt M, Singh O, Devaraja K, Irish E, et al. In",10.1093/noajnl/vdag182,42553785,2026,VERIFIED,Intercellular adhesion molecule 1 links glioblastoma biology to a scalable prognostic mode,2026,Neuro-Oncology Advances,10.1093/noajnl/vdag182,DOI + PMID 双向一致
57,"Huo D, Feng Y, Yu Z, Xie W, Jin H. Ubiquitin‐Proteasome System–Related Prognosti",10.1155/ijog/2045937,42488132,2026,VERIFIED,Ubiquitin‐Proteasome System–Related Prognostic Model and Immune Landscape in Glioblastoma,2026,International Journal of Genomics,10.1155/ijog/2045937,DOI + PMID 双向一致
58,"Sun M, Jiang S, Zeng Y, Liu B, Wang Y, Li Z, et al. GliomaDeconv maps glioma-spe",10.1016/j.canlet.2026.218716,42413813,2026,VERIFIED,GliomaDeconv maps glioma-specific cellular programs from bulk transcriptomic profiles and ,2026,Cancer Letters,10.1016/j.canlet.2026.218716,DOI + PMID 双向一致
59,"Wang Y, Cai M. Integrative transcriptomics, machine learning, and molecular dock",10.1016/j.compbiolchem.2026.109202,42413331,2026,VERIFIED,"Integrative transcriptomics, machine learning, and molecular docking derive a DAM-like mac",2026,Computational Biology and Chemistry,10.1016/j.compbiolchem.2026.109202,DOI + PMID 双向一致
60,"Xu H, Li C, Qin R, Mao Z, Lai X, Shao L, et al. MCL inhibits macrophage ferropto",10.1016/j.intimp.2026.117056,42330582,2026,VERIFIED,MCL inhibits macrophage ferroptosis through the NRF2/HO-1/GPX4 axis to attenuate carotid a,2026,International Immunopharmacology,10.1016/j.intimp.2026.117056,DOI + PMID 双向一致
61,"Liu Y, Yin L, Zhang P, Li W. Endothelial ferroptosis in blood–brain barrier dysf",10.3389/fimmu.2026.1825000,42327731,2026,VERIFIED,Endothelial ferroptosis in blood–brain barrier dysfunction and neuroinflammation: mechanis,2026,Frontiers in Immunology,10.3389/fimmu.2026.1825000,DOI + PMID 双向一致
62,"Guo F, Deng T, Yan J, Mo Y, Huang Q, Jiang Q, et al. Integrative multi-omics ana",10.1007/s10142-026-01918-9,42321379,2026,VERIFIED,Integrative multi-omics analysis and machine learning identify M2 macrophage–induced ferro,2026,Functional &amp; Integrative Genomics,10.1007/s10142-026-01918-9,DOI + PMID 双向一致
63,"Kuai J, Zuo H, Fang X, Hao J, Chen Y, Yang X, et al. Pyruvate alleviates traumat",10.1016/j.brainresbull.2026.112053,42492895,2026,VERIFIED,Pyruvate alleviates traumatic brain injury by suppressing glutamate-driven ferroptosis via,2026,Brain Research Bulletin,10.1016/j.brainresbull.2026.112053,DOI + PMID 双向一致
64,"Zhang C, Teng D, Wang C, Feng R, Huang X, Hu B, et al. TREM1 unleashes immunosup",10.3389/fimmu.2026.1871988,42491234,2026,VERIFIED,TREM1 unleashes immunosuppression in glioma: targeting macrophage polarization as a new th,2026,Frontiers in Immunology,10.3389/fimmu.2026.1871988,DOI + PMID 双向一致
65,"Wu L, Wu G, Zhai Y, Ren C, Zhou H, Shi J, et al. Dissection of spatial hypoxic a",10.1016/j.canlet.2026.218718,42409256,2026,VERIFIED,Dissection of spatial hypoxic and inflammatory ecosystem in glioblastoma,2026,Cancer Letters,10.1016/j.canlet.2026.218718,DOI + PMID 双向一致
66,"Guo Y, Zhao C, Liu H, Ning W, Zhao J, Chen Y, et al. PD-1 H (VISTA) drives immun",10.1186/s12967-026-08497-0,42324467,2026,VERIFIED,PD-1 H (VISTA) drives immunosuppressive reprogramming of glioma-associated myeloid cells t,2026,Journal of Translational Medicine,10.1186/s12967-026-08497-0,DOI + PMID 双向一致
67,"Yu D, Hu R, Zhu Q, Wang X. CD13 identifies S100A4+ immunosuppressive monocytes a",10.1186/s13062-026-00889-y,42415204,2026,VERIFIED,CD13 identifies S100A4+ immunosuppressive monocytes and predicts temozolomide benefit in g,2026,Biology Direct,10.1186/s13062-026-00889-y,DOI + PMID 双向一致
68,"Balawi E, Jiang Z, Wang X, Chen D. TGFB2 as a Prognostic Biomarker Associated wi",10.3390/cancers18132092,42449636,2026,VERIFIED,"TGFB2 as a Prognostic Biomarker Associated with Myeloid-Enriched, Multi-Checkpoint-Activat",2026,Cancers,10.3390/cancers18132092,DOI + PMID 双向一致
69,"Yang Y, Cao X, Feng N, Kang X, Wang Y, Sun Y. Exploratory multi-omics links CCL2",10.1080/15384101.2026.2703934,42454783,2026,VERIFIED,Exploratory multi-omics links CCL2/TIMP1 axis to immunosuppressive TME in glioblastoma,2026,Cell Cycle,10.1080/15384101.2026.2703934,DOI + PMID 双向一致
70,"Zhang D, Guan N, Feng X, Wang Y, Zhang L, Liu J, et al. Enhancing glioma immunot",10.1038/s41388-026-03844-3,42310095,2026,VERIFIED,Enhancing glioma immunotherapy by disrupting RBP-J-mediated NNMT signaling in tumor microe,2026,Oncogene,10.1038/s41388-026-03844-3,DOI + PMID 双向一致
71,"Sun S, Zhang B, Chen P, Wu L, Niu Z. Identification of TNFRSF12A as a key regula",10.1016/j.clim.2026.110755,42542235,2026,VERIFIED,Identification of TNFRSF12A as a key regulator of stemness and immunosuppression in a nove,2026,Clinical Immunology,10.1016/j.clim.2026.110755,DOI + PMID 双向一致
72,"Pei J, Huang C, Jiang C, Zhang Q, Cai L, Guo Y, et al. FZD5 drives macrophage-me",10.1186/s12885-026-16332-4,42410370,2026,VERIFIED,FZD5 drives macrophage-mediated immunomodulation and predicts prognosis in glioma: evidenc,2026,BMC Cancer,10.1186/s12885-026-16332-4,DOI + PMID 双向一致
73,"Dong Y, Liang T, Li J, et al. Ferroptosis-resistant myeloid niche shapes tumor n",10.1016/j.canlet.2026.218717,42425190,2026,VERIFIED,Ferroptosis-resistant myeloid niche shapes tumor natural evolution in glioblastoma,2026,Cancer Letters,10.1016/j.canlet.2026.218717,DOI + PMID 双向一致
74,"Pawlowsky-Glahn V, Egozcue JJ, Tolosana-Delgado R. Modeling and Analysis of Comp",,,2015,NO_DOI,,,,,专著（无 DOI，正常）
75,"Borenstein M, Hedges LV, Higgins JPT, Rothstein HR. Introduction to Meta-Analysi",,,2009,NO_DOI,,,,,专著（无 DOI，正常）
76,"Gabrusiewicz K, Rodriguez B, Wei J, Hashimoto Y, Healy LM, Maiti SN, et al. Glio",10.1172/jci.insight.85841,26973881,2016,VERIFIED,Glioblastoma-infiltrated innate immune cells resemble M0 macrophage phenotype,2016,JCI Insight,10.1172/jci.insight.85841,DOI + PMID 双向一致
77,"Garcia-Bermudez J, Baudrier L, La K, Zhu XG, Fidelin J, Sviderskiy VO, et al. As",10.1038/s41556-018-0118-z,29941933,2018,VERIFIED,Aspartate is a limiting metabolite for cancer cell proliferation under hypoxia and in tumo,2018,Nature Cell Biology,10.1038/s41556-018-0118-z,DOI + PMID 双向一致
