Cancer,Transcript,Median_prop,Mean_prop,N
GBM,ENST00000336517.8,0.3331216857673088,0.37086365771633023,153
GBM,ENST00000466960.5,0.49698019962380746,0.46488483879744263,153
GBM,ENST00000394860.3,0.001394665000844798,0.03423420154873659,153
GBM,ENST00000467555.1,0.0002540052448487373,0.015586150677077,153
GBM,ENST00000394857.7,0.000607154476223732,0.05437737921802345,153
GBM,ENST00000416245.5,0.0006816449613590935,0.009097497395848246,153
GBM,ENST00000479793.5,0.0006679863202330114,0.05095627464654184,153
LGG,ENST00000336517.8,0.060014329243382236,0.1667857112757409,509
LGG,ENST00000466960.5,0.8613493156294291,0.6934835758720247,509
LGG,ENST00000394860.3,0.012240205991968988,0.031057001882535247,509
LGG,ENST00000467555.1,0.00017161399680512768,0.015558354059515854,509
LGG,ENST00000394857.7,0.0010235162482994684,0.03416318506026764,509
LGG,ENST00000416245.5,0.0005058132889226083,0.005084802215063385,509
LGG,ENST00000479793.5,0.0003941533048398524,0.053867369634852245,509
CESC,ENST00000336517.8,0.3772305986760167,0.3924607221847633,304
CESC,ENST00000466960.5,0.3061060126774069,0.32838681722078317,304
CESC,ENST00000394860.3,0.02592055679628312,0.031860600209349645,304
CESC,ENST00000467555.1,0.056397627434999265,0.15822274999254743,304
CESC,ENST00000394857.7,0.04097349868617507,0.058043088085554084,304
CESC,ENST00000416245.5,0.004171084816964634,0.006301929368507967,304
CESC,ENST00000479793.5,0.008597047246309846,0.02472409293849437,304
COAD,ENST00000336517.8,0.7538486251122518,0.7009284402453874,288
COAD,ENST00000466960.5,0.10638636474510843,0.17336060178970422,288
COAD,ENST00000394860.3,0.017227624957835447,0.02424649803574039,288
COAD,ENST00000467555.1,7.693932952670497e-05,0.009795740722400323,288
COAD,ENST00000394857.7,0.03913632170881108,0.057930727146611946,288
COAD,ENST00000416245.5,0.006919200602714717,0.008663709287456998,288
COAD,ENST00000479793.5,0.012668074269242977,0.025074282772698762,288
MESO,ENST00000336517.8,0.32139452911277755,0.392218923206037,87
MESO,ENST00000466960.5,0.5500204631437425,0.48942064877270874,87
MESO,ENST00000394860.3,0.029405482295288485,0.03513944492174108,87
MESO,ENST00000467555.1,0.0001003283917749462,0.021291003101184626,87
MESO,ENST00000394857.7,0.015192016621315883,0.03395666614946299,87
MESO,ENST00000416245.5,0.0034963950926652928,0.005524851044104924,87
MESO,ENST00000479793.5,0.010025334705817101,0.022448462804760688,87
LUAD,ENST00000336517.8,0.39248290094151117,0.4141411145758594,513
LUAD,ENST00000466960.5,0.2892087665699903,0.34131482273551617,513
LUAD,ENST00000394860.3,0.02122659919388255,0.03471093704520742,513
LUAD,ENST00000467555.1,0.017461956753723078,0.10373384188966697,513
LUAD,ENST00000394857.7,0.04210230643288918,0.07221888619900854,513
LUAD,ENST00000416245.5,0.005719142047911466,0.009607714112395688,513
LUAD,ENST00000479793.5,0.0003777864640321413,0.02427268344234579,513
TGCT,ENST00000336517.8,0.1672916503415783,0.26805478293276347,148
TGCT,ENST00000466960.5,0.6670100247390522,0.5702063084732103,148
TGCT,ENST00000394860.3,0.021704865934327654,0.03390085460031262,148
TGCT,ENST00000467555.1,0.00020546643183330838,0.05226486971780849,148
TGCT,ENST00000394857.7,0.021317241842265404,0.04533797045101371,148
TGCT,ENST00000416245.5,0.0036264557489466276,0.00795894407811018,148
TGCT,ENST00000479793.5,0.00032873893222052427,0.022276269746781287,148
SARC,ENST00000336517.8,0.1821070571817886,0.2756459266595888,258
SARC,ENST00000466960.5,0.683905907033524,0.5775543190720228,258
SARC,ENST00000394860.3,0.020611572149902287,0.03571596816740664,258
SARC,ENST00000467555.1,0.00014833591488151574,0.03691771675205681,258
SARC,ENST00000394857.7,0.000496053072721345,0.03181575412795132,258
SARC,ENST00000416245.5,0.0005840991661669956,0.0030716004400300778,258
SARC,ENST00000479793.5,0.00066397887068644,0.03927871478094348,258
KIRP,ENST00000336517.8,0.3316412215078336,0.3919113711171832,288
KIRP,ENST00000466960.5,0.5109448419543934,0.48040944989058926,288
KIRP,ENST00000394860.3,0.028012424930477165,0.036778445055408865,288
KIRP,ENST00000467555.1,0.00011740967654827204,0.01996816348278689,288
KIRP,ENST00000394857.7,0.012514327573572206,0.035518697004823886,288
KIRP,ENST00000416245.5,0.0030497342230759892,0.006686696218538835,288
KIRP,ENST00000479793.5,0.004206525660668462,0.028727177230669046,288
PRAD,ENST00000336517.8,0.49460682048044075,0.5213871062827198,495
PRAD,ENST00000466960.5,0.3919807777173296,0.3788903225125236,495
PRAD,ENST00000394860.3,0.023420008654194635,0.031268107438356375,495
PRAD,ENST00000467555.1,8.356188891690845e-05,0.013746043217930182,495
PRAD,ENST00000394857.7,0.01409093679750019,0.02905044745549783,495
PRAD,ENST00000416245.5,0.0036613016505742412,0.005490081323093615,495
PRAD,ENST00000479793.5,0.008469513508093303,0.02016789176987859,495
STAD,ENST00000336517.8,0.7619340545266733,0.6708813738732674,414
STAD,ENST00000466960.5,0.0005643252888084398,0.07844701154124717,414
STAD,ENST00000394860.3,0.0009558851727879705,0.02277868841884852,414
STAD,ENST00000467555.1,0.00039108586390903155,0.025491052543969623,414
STAD,ENST00000394857.7,0.12096026376188566,0.16515852770812972,414
STAD,ENST00000416245.5,0.008120960028566321,0.016750810477339576,414
STAD,ENST00000479793.5,0.0003575218700280091,0.020492535437197958,414
ESCA,ENST00000336517.8,0.6047586587122774,0.5789549082273082,181
ESCA,ENST00000466960.5,0.0002884354318756284,0.08580734919721933,181
ESCA,ENST00000394860.3,0.00849603135470202,0.01949098467634798,181
ESCA,ENST00000467555.1,0.010136152950652537,0.08349526876542225,181
ESCA,ENST00000394857.7,0.18201550680660197,0.19809769740826091,181
ESCA,ENST00000416245.5,0.014360642819491884,0.01919467715815372,181
ESCA,ENST00000479793.5,0.0002394018371248585,0.0149591145672876,181
BRCA,ENST00000336517.8,0.5113778191142788,0.5141951027875645,1092
BRCA,ENST00000466960.5,0.2953274455129884,0.32309802526164316,1092
BRCA,ENST00000394860.3,0.022414190384122297,0.030644900955447005,1092
BRCA,ENST00000467555.1,0.00010212348767199113,0.012333190259002914,1092
BRCA,ENST00000394857.7,0.05685580110378868,0.08749449559570764,1092
BRCA,ENST00000416245.5,0.0061492070616900735,0.009435556269015993,1092
BRCA,ENST00000479793.5,0.006388390882510054,0.02279872887161879,1092
HNSC,ENST00000336517.8,0.40189478265255185,0.42416173943530133,518
HNSC,ENST00000466960.5,0.15822038723414755,0.22342071102561814,518
HNSC,ENST00000394860.3,0.013665976810433456,0.021991829057890648,518
HNSC,ENST00000467555.1,0.2104188280935514,0.2583478771245036,518
HNSC,ENST00000394857.7,0.031085694864511758,0.050417591025175276,518
HNSC,ENST00000416245.5,0.0018068396162931961,0.003212795745237367,518
HNSC,ENST00000479793.5,0.007839629281737974,0.0184474565862737,518
KIRC,ENST00000336517.8,0.3476591794056829,0.40621173035407854,530
KIRC,ENST00000466960.5,0.48734577563719683,0.4574320080631391,530
KIRC,ENST00000394860.3,0.026322391239209063,0.03545025367747518,530
KIRC,ENST00000467555.1,0.0001479931793180808,0.012702432446128478,530
KIRC,ENST00000394857.7,0.022512288618339742,0.04980604745523403,530
KIRC,ENST00000416245.5,0.0038115471183104562,0.00767895650835971,530
KIRC,ENST00000479793.5,0.0005123229075075816,0.03071857149558494,530
OV,ENST00000336517.8,0.8904135334703682,0.8496383324041491,420
OV,ENST00000466960.5,9.56272987348101e-05,0.025335561927229747,420
OV,ENST00000394860.3,0.010230994162192005,0.016832641244309436,420
OV,ENST00000467555.1,8.384254275597305e-05,0.004402186024210713,420
OV,ENST00000394857.7,0.07641937235027316,0.09079571602181595,420
OV,ENST00000416245.5,0.006159448533362493,0.008426623844396072,420
OV,ENST00000479793.5,8.311100498847946e-05,0.0045689385338889684,420
THYM,ENST00000336517.8,0.10335460869342318,0.207565132194011,119
THYM,ENST00000466960.5,0.7202582622748795,0.634720998656106,119
THYM,ENST00000394860.3,0.032187726580746416,0.033014466005577905,119
THYM,ENST00000467555.1,0.00013428300577746985,0.03444866611195844,119
THYM,ENST00000394857.7,0.005723292795478389,0.03229968081805299,119
THYM,ENST00000416245.5,0.0007171359144668628,0.004066982137066072,119
THYM,ENST00000479793.5,0.009753531262201284,0.05388407407722759,119
LIHC,ENST00000336517.8,0.3190830938461222,0.3585795775146985,369
LIHC,ENST00000466960.5,0.42296140704255053,0.4026653387786552,369
LIHC,ENST00000394860.3,0.0012091900475413718,0.04172033433987312,369
LIHC,ENST00000467555.1,0.00072095737430687,0.07861390550641227,369
LIHC,ENST00000394857.7,0.025300226418550138,0.06994624046317516,369
LIHC,ENST00000416245.5,0.0028818300768336793,0.010124697090419894,369
LIHC,ENST00000479793.5,0.0007651160339359426,0.038349906306765845,369
BLCA,ENST00000336517.8,0.31627640103432514,0.34892354939737275,407
BLCA,ENST00000466960.5,0.374282031483076,0.3878802517476483,407
BLCA,ENST00000394860.3,0.02991383136470199,0.037177815761011326,407
BLCA,ENST00000467555.1,0.07064159409944855,0.15658371474284202,407
BLCA,ENST00000394857.7,0.02314018850043228,0.04323930116237424,407
BLCA,ENST00000416245.5,0.0030054852161005515,0.006246392718126436,407
BLCA,ENST00000479793.5,0.0024138383266229537,0.019948974470624985,407
LUSC,ENST00000336517.8,0.4759378666338355,0.4908825629853429,498
LUSC,ENST00000466960.5,0.18556705987561822,0.25891806209849094,498
LUSC,ENST00000394860.3,0.014394925290513026,0.022024413080546954,498
LUSC,ENST00000467555.1,0.04249885271705476,0.11191904597774777,498
LUSC,ENST00000394857.7,0.06491991282411844,0.08746427457038632,498
LUSC,ENST00000416245.5,0.006611207655050742,0.009456508979052303,498
LUSC,ENST00000479793.5,0.006123270606077715,0.019335132308432833,498
THCA,ENST00000336517.8,0.18402004992628668,0.28852809250876105,504
THCA,ENST00000466960.5,0.6940931352166901,0.5796343535184199,504
THCA,ENST00000394860.3,0.011789605476181436,0.03355791211629,504
THCA,ENST00000467555.1,0.0003132810122072943,0.03124268412683541,504
THCA,ENST00000394857.7,0.00045516008619238225,0.030351065204573396,504
THCA,ENST00000416245.5,0.0006770658249638982,0.004254977531177655,504
THCA,ENST00000479793.5,0.0004897797873531345,0.032430914993942635,504
READ,ENST00000336517.8,0.7582849306903724,0.710009229693435,92
READ,ENST00000466960.5,0.09899017476384972,0.15322045797171005,92
READ,ENST00000394860.3,0.02603454986373946,0.03388384279988854,92
READ,ENST00000467555.1,7.414488553470047e-05,0.009214270777624807,92
READ,ENST00000394857.7,0.04493668907708783,0.05839723584368503,92
READ,ENST00000416245.5,0.007400472493658069,0.008729913325535393,92
READ,ENST00000479793.5,0.014241956876772299,0.026545049588121216,92
PAAD,ENST00000336517.8,0.30574867064398237,0.36082356002112825,178
PAAD,ENST00000466960.5,0.48418990060660305,0.4592732518385526,178
PAAD,ENST00000394860.3,0.01773562878891076,0.03795480388716174,178
PAAD,ENST00000467555.1,0.00016943254845692897,0.03326173989852793,178
PAAD,ENST00000394857.7,0.026414951680973832,0.06973722086483979,178
PAAD,ENST00000416245.5,0.0030543889395732923,0.007502287318544278,178
PAAD,ENST00000479793.5,0.0004401492132649382,0.03144713617124545,178
PCPG,ENST00000336517.8,0.194904578886964,0.2800859532191893,177
PCPG,ENST00000466960.5,0.6099479982279494,0.5696786652658921,177
PCPG,ENST00000394860.3,0.018023346807626957,0.03609866400184747,177
PCPG,ENST00000467555.1,0.00020295851098166244,0.010401707755412437,177
PCPG,ENST00000394857.7,0.008546797695781084,0.04444165892861478,177
PCPG,ENST00000416245.5,0.0009284690924491571,0.004824623144468642,177
PCPG,ENST00000479793.5,0.0005691346720249,0.05446872768457531,177
UCEC,ENST00000336517.8,0.2912535390009131,0.34970220982710876,180
UCEC,ENST00000466960.5,0.47941250688817333,0.4701642453603583,180
UCEC,ENST00000394860.3,0.028098121616495705,0.03820136308887318,180
UCEC,ENST00000467555.1,0.00011945838220410825,0.05817949966739062,180
UCEC,ENST00000394857.7,0.019416317958640093,0.039784058935856875,180
UCEC,ENST00000416245.5,0.0029967083946092154,0.005593344021210321,180
UCEC,ENST00000479793.5,0.006713354679473491,0.038375279099201916,180
SKCM,ENST00000336517.8,0.35131204917677306,0.41883695782722197,102
SKCM,ENST00000466960.5,0.47742122071912174,0.44885267005119045,102
SKCM,ENST00000394860.3,0.01968454594665977,0.030439849413123606,102
SKCM,ENST00000467555.1,0.00012512591151111232,0.02159083312701785,102
SKCM,ENST00000394857.7,0.03803889797919451,0.05161095353533856,102
SKCM,ENST00000416245.5,0.0036764721369016186,0.007555123919244092,102
SKCM,ENST00000479793.5,0.0004103959339577402,0.02111361212686346,102
UVM,ENST00000336517.8,0.5145661040037023,0.5097582301572915,79
UVM,ENST00000466960.5,0.3613315407161398,0.4053747256797921,79
UVM,ENST00000394860.3,0.03593594382674365,0.03844524177574661,79
UVM,ENST00000467555.1,9.71138871860855e-05,0.0011498486771971872,79
UVM,ENST00000394857.7,0.0008285003131111786,0.017921365759051084,79
UVM,ENST00000416245.5,0.0021500283342906993,0.005217752072950527,79
UVM,ENST00000479793.5,0.0014535392227950398,0.022132835877971022,79
UCS,ENST00000336517.8,0.3734899176631471,0.42214991468028973,57
UCS,ENST00000466960.5,0.4945029627386947,0.46064673378003573,57
UCS,ENST00000394860.3,0.020361892165404117,0.028924142815627704,57
UCS,ENST00000467555.1,0.00010641583929619495,0.006300122195662135,57
UCS,ENST00000394857.7,0.0145277416237876,0.032442086836202144,57
UCS,ENST00000416245.5,0.0032692952356402844,0.005720779820040659,57
UCS,ENST00000479793.5,0.0131073336041528,0.04381621987214191,57
ACC,ENST00000336517.8,0.34212729598529545,0.413390813468722,77
ACC,ENST00000466960.5,0.3932368907062335,0.42455713066948575,77
ACC,ENST00000394860.3,0.015646451754368657,0.023772429628945605,77
ACC,ENST00000467555.1,0.0002376917946270526,0.09189068688412723,77
ACC,ENST00000394857.7,0.00027419664042327934,0.0167455158567465,77
ACC,ENST00000416245.5,0.0014440657930295854,0.005595689041935764,77
ACC,ENST00000479793.5,0.00032926358036473044,0.024047734450037207,77
KICH,ENST00000336517.8,0.2567046303767494,0.3565806587696741,66
KICH,ENST00000466960.5,0.639290716766814,0.5421456921363937,66
KICH,ENST00000394860.3,0.01008555145872746,0.033102846078863046,66
KICH,ENST00000467555.1,0.00040979025852299456,0.016949120655959132,66
KICH,ENST00000394857.7,0.00047014646750827315,0.02901188801174685,66
KICH,ENST00000416245.5,0.00047013736266527837,0.0011288772022111989,66
KICH,ENST00000479793.5,0.000639093427588826,0.021080917145151992,66
CHOL,ENST00000336517.8,0.42440978190840073,0.4825050623796128,36
CHOL,ENST00000466960.5,0.35921243918967793,0.3409561453349161,36
CHOL,ENST00000394860.3,0.00029727104935773946,0.022048518490960057,36
CHOL,ENST00000467555.1,0.00016990650487362354,0.04753085542402519,36
CHOL,ENST00000394857.7,0.03724140505905166,0.07249071719726904,36
CHOL,ENST00000416245.5,0.009491877224259647,0.013242838741013556,36
CHOL,ENST00000479793.5,0.00027409776491588633,0.021225862432203285,36
DLBC,ENST00000336517.8,0.038625565260943746,0.11513213285712877,47
DLBC,ENST00000466960.5,0.39122679569648616,0.3766929476871911,47
DLBC,ENST00000394860.3,0.006069645314289682,0.02150765510179422,47
DLBC,ENST00000467555.1,0.39368055944836394,0.39764381707458174,47
DLBC,ENST00000394857.7,0.007299168242184011,0.04562203602400285,47
DLBC,ENST00000416245.5,0.0008424744531781898,0.0070007632561998505,47
DLBC,ENST00000479793.5,0.002724739393383653,0.0364006479991015,47
