Name,Term,ES,NES,NOM p-val,FDR q-val,FWER p-val,Tag %,Gene %,Lead_genes
prerank,MSigDB_Hallmark_2020__TNF-alpha Signaling via NF-kB,0.4455554,2.45387,0.0,0.0,0.0,63/168,17.45%,GADD45B;NFKBIA;RHOB;CDKN1A;NR4A1;PER1;DUSP1;CXCL2;FOS;JUNB;SGK1;ZFP36;KLF4;SPSB1;DRAM1;CXCL3;BTG2;ZC3H12A;TSC22D1;IER2;SPHK1;KLF2;CCL4;BCL2A1;CEBPB;ATF3;PTPRE;EGR2;NR4A2;LDLR;IER3;MAFF;JUN;MAP3K8;BMP2;HBEGF;EGR3;IL1B;TIPARP;MARCKS;EGR1;SOCS3;MYC;TNIP2;FOSB;DUSP2;GPR183;B4GALT1;FOSL2;GFPT2;CCN1;PHLDA1;EIF1;TRAF1;SLC2A3;IFIT2;KLF9;DENND5A;NFKB2;FOSL1;MCL1;NFIL3;CEBPD
prerank,MSigDB_Hallmark_2020__E2F Targets,-0.5005022,-2.116223,0.0,0.0,0.0,105/192,30.44%,DCLRE1B;CSE1L;RPA1;GSPT1;PPP1R8;RPA2;DONSON;USP1;PMS2;NUP107;MSH2;TIPIN;NUP153;CNOT9;MCM3;PRKDC;RFC1;ANP32E;SHMT1;PRIM2;RAD1;BARD1;CDKN2C;CBX5;STAG1;XPO1;MRE11;H2AX;TUBB;CDKN2A;SNRPB;ATAD2;SYNCRIP;ILF3;MCM2;UBR7;UBE2S;TUBG1;CCNE1;DNMT1;SMC1A;SMC4;POLD3;PDS5B;RPA3;WEE1;LIG1;NCAPD2;POLD1;DEK;AK2;KIF2C;PLK4;NUDT21;CTPS1;UNG;MCM4;TRIP13;EIF2S1;GINS1;POLA2;RAN;CDCA8;CHEK1;RAD21;DSCC1;KIF4A;DCTPP1;ING3;CTCF;PCNA;STMN1;PRPS1;TRA2B;CKS1B;RAD50;IPO7;POLD2;CDK4;ZW10;NBN;MAD2L1;SUV39H1;HMGA1;SSRP1;UBE2T;LMNB1;ORC2;MMS22L;BRCA1;RACGAP1;SMC6;RFC3;POLE4;DCK;NASP;HUS1;AURKA;SLBP;RNASEH2A;PPM1D;SRSF1;RAD51AP1;PLK1;PA2G4
prerank,MSigDB_Hallmark_2020__G2-M Checkpoint,-0.4929888,-2.100799,0.0,0.0,0.0,139/188,41.72%,GSPT1;RAD23B;LIG3;RPA2;CDC7;NOTCH2;CDC27;MAPK14;G3BP1;HIF1A;MCM3;MTF2;STIL;FOXN3;PRIM2;DR1;BARD1;CDKN2C;CCNT1;SMC2;STAG1;TNPO2;H2AZ2;HMGN2;ORC5;XPO1;H2AX;HNRNPU;INCENP;CUL4A;SYNCRIP;ILF3;MCM2;KPNB1;UBE2S;SS18;H2BC12;TOP1;SMC1A;SMC4;PDS5B;WRN;FANCC;KIF2C;CCNF;CUL3;RBL1;NCL;PLK4;KMT5A;NUP50;DKC1;DMD;SRSF10;CUL1;ODC1;TENT4A;CDC6;E2F3;POLA2;TPX2;NUP98;CHEK1;RAD21;KIF4A;UPF1;SMARCC1;SFPQ;DBF4;TRAIP;CTCF;STMN1;TRA2B;CKS1B;BUB1;CENPA;CDK4;MAD2L1;SUV39H1;HMGA1;FBXO5;LMNB1;MEIS1;CENPF;ODF2;RACGAP1;TTK;CUL5;TLE3;NASP;HUS1;AURKA;NEK2;KIF23;SRSF1;PLK1;ABL1;RAD54L;CHMP1A;LBR;PRC1;CASP8AP2;NUSAP1;NOLC1;HSPA8;TMPO;ORC6;MCM5;PBK;CCNA2;KPNA2;CHAF1A;CCNB2;CDC20;NDC80;PAFAH1B1;SMAD3;UBE2C;KIF5B;MCM6;KIF20B;HIRA;ATF5;E2F1;CDK1;MAP3K20;NSD2;DDX39A;KIF22;KIF11;PRMT5;BIRC5;H2AZ1;KATNA1;GINS2;RBM14;AURKB;CDC25A;DTYMK
prerank,MSigDB_Hallmark_2020__Myc Targets V1,-0.4888157,-2.095423,0.0,0.0,0.0,135/199,38.49%,UBA2;TRIM28;RUVBL2;PRPF31;GSPT1;RPL18;RAD23B;POLE3;USP1;HNRNPR;PSMD8;SNRPD2;PSMB2;RPS5;FBL;GOT2;NCBP1;SRM;IARS1;G3BP1;TARDBP;YWHAQ;CSTF2;PSMC4;STARD7;SERBP1;EIF1AX;GLO1;CCT5;XPO1;EIF3B;HNRNPU;RPL22;RRM1;SET;RNPS1;UBE2E1;SYNCRIP;EIF3J;HDGF;MCM2;KPNB1;ABCE1;DDX18;CNBP;EIF4E;DEK;LDHA;SF3B3;CDK2;CANX;VBP1;TOMM70;NDUFAB1;RPS2;CTPS1;DHX15;AIMP2;MCM4;TUFM;ILF2;EIF2S1;CUL1;ODC1;PRPS2;MRPS18B;KARS1;SNRPB2;SRPK1;RAN;SNRPA1;EIF4G2;PSMA7;FAM120A;SF3A1;SMARCC1;RPS10;PABPC4;PCNA;TRA2B;LSM2;CBX3;POLD2;CDK4;MAD2L1;COX5A;ACP1;ORC2;LSM7;TCP1;DDX21;EPRS1;ERH;HPRT1;EIF4H;EIF2S2;MRPL9;C1QBP;PPM1G;SRSF1;HNRNPC;PA2G4;SRSF3;CCT2;PRDX3;PWP1;HSPD1;VDAC1;NOLC1;PPIA;XPOT;ETF1;SSB;MCM5;HDAC2;RFC4;CCNA2;CAD;KPNA2;PSMD3;CDC20;YWHAE;PTGES3;SNRPG;DUT;MCM6;TXNL4A;PCBP1;AP3S1;CCT4;SNRPA;HSP90AB1;PGK1;PSMD1;PSMD14
prerank,MSigDB_Hallmark_2020__Protein Secretion,-0.5062329,-1.978744,0.0,0.0,0.0,53/94,27.27%,COPB2;NAPA;TPD52;PAM;GNAS;OCRL;AP2S1;RER1;ANP32E;ATP1A1;ARF1;VAMP7;VPS4B;GALC;CLTC;ADAM10;COPB1;RPS6KA3;TMED2;STX12;SCRN1;AP1G1;SEC22B;TMED10;TOM1L1;PPT1;RAB9A;AP2M1;EGFR;SEC31A;ATP7A;YIPF6;KIF1B;RAB5A;ARFGEF2;SNX2;LMAN1;TSG101;COG2;RAB22A;ERGIC3;RAB14;SNAP23;ABCA1;ARCN1;ZW10;VAMP3;ICA1;USO1;MAPK1;TMX1;GOSR2;SCAMP1
prerank,MSigDB_Hallmark_2020__Inflammatory Response,0.346466,1.859915,0.0,0.004336043,0.003,35/135,14.81%,APLNR;NFKBIA;CDKN1A;SLC31A2;SELL;OSM;BTG2;STAB1;SPHK1;TPBG;SEMA4D;GABBR1;RGS1;CD55;PTPRE;SGMS2;SLC7A2;LDLR;BEST1;CXCL8;HBEGF;IL1B;EBI3;IL1R1;MYC;C5AR1;FPR1;AHR;GPR183;KCNMB2;RGS16;RHOG;FZD5;ADORA2B;IL4R
prerank,MSigDB_Hallmark_2020__PI3K/AKT/mTOR  Signaling,-0.4554846,-1.790386,0.0,0.001529293,0.01,46/94,27.92%,AKT1S1;SMAD2;RPTOR;NCK1;GSK3B;PRKAR2A;PRKAA2;TBK1;ARF1;PIK3R3;UBE2N;CLTC;RPS6KA3;VAV3;TRAF2;AKT1;PLA2G12A;RAF1;AP2M1;RIT1;ATF1;EGFR;ACTR3;EIF4E;NFKBIB;CDK2;PAK4;PLCG1;ACTR2;RIPK1;PRKAG1;TRIB3;RALB;YWHAB;CSNK2B;SLC2A1;MAPKAP1;IRAK4;RAC1;PIN1;CDK4;MAPK1;PIKFYVE;CAB39;NOD1;PTPN11
prerank,MSigDB_Hallmark_2020__Oxidative Phosphorylation,-0.3993399,-1.709754,0.0,0.003950673,0.031,74/199,24.41%,GPI;MFN2;PHYH;DLAT;NNT;ABCB7;SDHB;OXA1L;ACADM;ATP5PB;COX6B1;MDH1;DLST;UQCRFS1;OGDH;OPA1;GOT2;SDHC;UQCRH;NDUFA9;MRPS22;RHOT1;IDH3B;IMMT;CYCS;NDUFS1;NDUFA3;AFG3L2;SDHD;ATP6AP1;ECH1;ECI1;MRPS15;ATP6V1G1;NDUFA7;ETFA;CS;COX10;TIMM50;PDHX;FH;ALAS1;MDH2;ATP5PO;LDHA;MRPL34;MRPS12;IDH3A;BCKDHA;TOMM70;PMPCA;HCCS;NDUFAB1;DLD;ATP5F1A;SUCLA2;COX8A;ISCA1;MRPS11;MRPS30;PDHA1;ISCU;ATP5MC1;NDUFS8;SLC25A5;MRPL35;ETFB;FXN;COX7A2L;NQO2;GPX4;MTRR;COX5A;BAX
prerank,MSigDB_Hallmark_2020__DNA Repair,-0.4041744,-1.672826,0.0,0.004915584,0.044,56/147,24.03%,ERCC2;SF3A3;NELFCD;GTF2H3;ERCC1;RAE1;TAF12;RPA2;ELOA;RFC5;POLR2C;POLA1;ARL6IP1;TAF6;POLR3C;POLR2I;POLR2G;GTF2H1;TMED2;DDB1;CMPK2;ERCC8;ERCC4;POM121;GTF2B;BCAM;POLR2E;POLR1C;RALA;CLP1;POLD3;RPA3;LIG1;POLH;POLR2D;POLD1;PRIM1;AGO4;STX3;SMAD5;BRF2;NUDT21;TAF9;SDCBP;NELFB;NT5C3A;TSG101;POLA2;BOLA2;POLR2K;PCNA;SUPT5H;TAF13;RNMT;SNAPC5;GPX4
prerank,MSigDB_Hallmark_2020__Pperoxisome,-0.4116949,-1.620575,0.003412969,0.008602271,0.084,39/89,26.54%,LONP2;ABCD3;ERCC1;SCP2;GNPAT;PEX14;CRAT;MSH2;PEX11A;VPS4B;NUDT19;EPHX2;HMGCL;EHHADH;PEX13;ECH1;ACOX1;ACOT8;ABCB1;YWHAH;CNBP;SIAH1;HSD11B2;PEX6;ATXN1;CTPS1;BCL10;ECI2;CADM1;IDE;SLC25A19;ABCD1;SMARCC1;PEX11B;RDH11;ACSL5;SLC25A17;PRDX1;IDH2
prerank,MSigDB_Hallmark_2020__Mitotic Spindle,-0.3569147,-1.533886,0.001039501,0.02446868,0.237,111/194,40.11%,MARK4;FARP1;NOTCH2;TLK1;CDC27;ACTN4;TUBGCP5;NCK1;RFC1;SASS6;TUBD1;CDC42;ITSN1;STAU1;SEPTIN9;ARHGAP29;CKAP5;ROCK1;WASF2;RANBP9;CEP72;INCENP;RASA1;FGD6;ARAP3;GEMIN4;CLASP1;RABGAP1;KIFAP3;EPB41;DOCK4;SMC1A;SMC4;SOS1;DLG1;KIF2C;MYH10;KIF1B;ECT2;MAPRE1;CSNK1D;WASL;PPP4R2;CD2AP;CDC42EP4;LATS1;ARHGEF12;TPX2;ALS2;CDC42BPA;VCL;KNTC1;PLEKHG2;KIF4A;ABI1;RHOF;FLNA;CAPZB;CEP57;BUB1;RALBP1;RAB3GAP1;SPTBN1;CYTH2;MID1;FBXO5;KPTN;LMNB1;CENPF;MAP1S;PKD2;FSCN1;RACGAP1;ARHGAP5;TTK;SORBS2;AURKA;APC;NEK2;KIF23;PLK1;ABL1;CLIP1;MYH9;PRC1;ARHGEF3;NUSAP1;TAOK2;STK38L;CCNB2;NDC80;EZR;PAFAH1B1;YWHAE;SAC3D1;KIF5B;PREX1;EPB41L2;KIF20B;LRPPRC;KIF3B;TIAM1;BCL2L11;CDK1;KIF22;SHROOM2;TUBA4A;KIF11;ARFGEF1;ALMS1;BIRC5
prerank,MSigDB_Hallmark_2020__Myogenesis,0.2754231,1.486952,0.0,0.06166817,0.063,33/151,14.40%,APLNR;GADD45B;CDKN1A;BAG1;STC2;TNNT1;MYOM1;ACSL1;MYL3;LDB3;SPHK1;BIN1;HSPB2;MYLK;PKIA;HSPB8;TPD52L1;SPARC;HBEGF;SGCD;SORBS3;KIFC3;PRNP;MYOZ1;PPP1R3C;MYH7;SCD;APOD;MAPK12;TPM2;TCAP;ERBB3;MYOM2
prerank,MSigDB_Hallmark_2020__p53 Pathway,0.2611763,1.480854,0.0,0.04841915,0.066,35/182,9.62%,CDKN1A;SLC19A2;FOS;DDIT3;DDIT4;STOM;KLF4;TXNIP;DRAM1;PHLDA3;RPS27L;BTG2;TSC22D1;NUPR1;SPHK1;OSGIN1;ATF3;ADA;PTPRE;ZBTB16;CYFIP2;SESN1;IER3;EPS8L2;JUN;NDRG1;CD81;TPD52L1;BMP2;HBEGF;FGF13;ABCC5;VWA5A;PIDD1;CCNG1
prerank,MSigDB_Hallmark_2020__UV Response Dn,-0.353508,-1.458721,0.01195652,0.04962555,0.464,51/138,29.37%,AGGF1;ATP2B1;PEX14;NOTCH2;CDK13;SPOP;PLPP3;SCAF8;DYRK1A;DDAH1;MAPK14;PTPN21;PRDM2;PIK3R3;ATP2B4;ADGRL2;ATRN;GJA1;DLG1;MIOS;TFPI;ATXN1;DBP;NR3C1;EFEMP1;APBB2;IGFBP5;PIAS3;MAGI2;NRP1;TENT4A;COL11A1;CAP2;SRI;SCHIP1;CDC42BPA;BCKDHB;PHF3;PIK3CD;CDON;ERBB2;NFIB;IGF1R;COL5A2;ICA1;ANXA2;SFMBT1;DMAC2L;TGFBR2;NR1D2;LAMC1
prerank,MSigDB_Hallmark_2020__heme Metabolism,-0.3385726,-1.421181,0.01290323,0.06527299,0.595,52/162,23.09%,NNT;EIF2AK1;UROD;MOSPD1;CDC27;FBXO9;CDR2;ATG4A;NUDT4;DCAF10;RAD23A;CLIC2;BMP2K;GMPS;VEZF1;RIOK3;TCEA1;FECH;BCAM;ABCG2;HDGF;GCLM;MARCHF2;BPGM;TOP1;EPB41;LPIN2;BNIP3L;BLVRB;OPTN;DAAM1;CCDC28A;SDCBP;SLC6A8;BACH1;NR3C1;GAPVD1;ARL2BP;DCAF11;ISCA1;ADIPOR1;ARHGEF12;NFE2L1;MFHAS1;TSPAN5;SLC2A1;GDE1;RANBP10;PRDX2;FOXJ2;KLF3;PIGQ
prerank,MSigDB_Hallmark_2020__Myc Targets V2,-0.3777826,-1.39869,0.0345679,0.07601859,0.676,27/57,33.29%,EXOSC5;MRTO4;GRWD1;SRM;UTP20;PRMT3;TFB2M;NIP7;WDR43;SORD;DDX18;PLK4;MYBBP1A;AIMP2;UNG;MCM4;IMP4;DCTPP1;CBX3;CDK4;NOP2;PLK1;PA2G4;HSPD1;NOLC1;FARSA;MCM5
prerank,MSigDB_Hallmark_2020__Bile Acid Metabolism,-0.3464602,-1.327381,0.06565064,0.1391656,0.893,26/80,19.09%,LONP2;PHYH;CROT;ABCD3;SCP2;GNPAT;SLC27A5;PEX19;PEX11A;EPHX2;ABCA5;PEX12;PEX7;AR;PEX13;GCLM;EFHC1;BCAR3;PXMP2;PIPOX;OPTN;PEX6;ATXN1;NUDT12;BBOX1;SLC29A1
prerank,MSigDB_Hallmark_2020__Fatty Acid Metabolism,-0.3204368,-1.316466,0.05210643,0.1419511,0.915,37/130,19.71%,ALDH3A2;ACADM;UROD;BPHL;CRAT;MDH1;DLST;SDHC;CPT2;IDH3B;HMGCL;SMS;EHHADH;SDHD;ECH1;ECI1;PRDX6;ACOX1;ACOT8;PTPRG;YWHAH;FH;MDH2;LDHA;KMT5A;HCCS;METAP1;GPD2;DLD;ECI2;SUCLA2;NTHL1;ODC1;HSDL2;PDHA1;SUCLG2;ENO3
prerank,MSigDB_Hallmark_2020__Notch Signaling,-0.3980487,-1.300131,0.1151832,0.151247,0.938,12/31,20.26%,JAG1;NOTCH2;PSENEN;HEYL;PSEN2;SKP1;NOTCH3;TCF7L2;APH1A;PPARD;CUL1;NOTCH1
prerank,MSigDB_Hallmark_2020__TGF-beta Signaling,-0.3552874,-1.292829,0.1086187,0.1521646,0.949,28/53,35.47%,SKI;ID3;TRIM33;BCAR3;SLC20A1;HDAC1;SMURF2;TGFBR1;PPM1A;FKBP1A;ACVR1;ID2;TGIF1;RHOA;BMPR2;ARID4B;CTNNB1;SPTBN1;ENG;LEFTY2;APC;SMAD1;UBE2D3;SMURF1;IFNGR2;PPP1CA;LTBP2;SMAD3
prerank,MSigDB_Hallmark_2020__Angiogenesis,-0.4053289,-1.271055,0.1502732,0.1716856,0.968,9/26,25.84%,JAG1;APP;ITGAV;SLCO2A1;LPL;NRP1;CCND2;COL5A2;FSTL1
prerank,MSigDB_Hallmark_2020__Adipogenesis,-0.294134,-1.262531,0.06940063,0.1745518,0.981,45/188,17.98%,PHYH;RNF11;DLAT;SCP2;SDHB;ACADM;UBQLN1;PEX14;CRAT;DBT;SDHC;TANK;DRAM2;MAP4K3;ATL2;GPAM;ITSN1;CDKN2C;CPT2;EPHX2;IMMT;ACLY;CD302;CMPK1;RIOK3;ECH1;RAB34;ACOX1;CS;MTCH2;PTCD3;MDH2;ATP5PO;AK2;ARAF;IDH3A;BCKDHA;YWHAG;NDUFAB1;GPD2;ESYT1;DLD;REEP5;COX8A;LPL
prerank,MSigDB_Hallmark_2020__Hypoxia,0.2261073,1.256315,0.0,0.2422403,0.339,45/179,17.65%,ANGPTL4;CDKN1A;STC2;DUSP1;FOS;DDIT3;ZFP36;DDIT4;CDKN1C;SLC6A6;TPBG;ATF3;DPYSL4;IER3;INHA;TPST2;MAFF;JUN;NDRG1;SLC25A1;SRPX;PGF;NDST2;TIPARP;TGFB3;SCARB1;SELENBP1;PPP1R3C;NOCT;NAGK;RBPJ;FOSL2;P4HA2;CCN1;JMJD6;WSB1;ADORA2B;SLC2A3;CXCR4;KIF5A;PLIN2;ADM;VLDLR;NFIL3;HSPA5
prerank,MSigDB_Hallmark_2020__Spermatogenesis,-0.3211216,-1.255546,0.1206897,0.1741381,0.985,45/85,39.24%,TSN;MTOR;PIAS2;ZC3H14;SPATA6;MLLT10;PRKAR2A;MAST2;AGFG1;STRBP;TOPBP1;DCC;KIF2C;HSPA4L;COIL;TLE4;PHF7;IDE;RAD17;CLPB;DBF4;PSMG1;BUB1;STAM2;MLF1;CSNK2A2;TTK;AURKA;NPHP1;NEK2;IP6K1;CCT6B;PHKG2;RFC4;ACRBP;CCNB2;BRAF;PACRG;SHE;NF2;GSTM3;CHFR;CDK1;GMCL1;PGS1
prerank,MSigDB_Hallmark_2020__Unfolded Protein Response,-0.3122876,-1.235685,0.1324355,0.1964759,0.993,30/110,19.54%,EXOSC5;POP4;KHSRP;IARS1;EXOSC10;MTREX;TUBB2A;LSM4;H2AX;EIF2AK3;SSR1;GEMIN4;YWHAZ;SEC31A;TATDN2;PAIP1;CNOT4;PARN;DCP2;EIF4E;SDAD1;CEBPG;FKBP14;CNOT2;SEC11A;SRPRA;DKC1;EIF2S1;EXOC2;SHC1
prerank,MSigDB_Hallmark_2020__mTORC1 Signaling,-0.2876668,-1.233323,0.08333333,0.1906154,0.993,78/195,32.98%,GPI;TOMM40;RPA1;CYB5B;NFYC;UCHL5;GSK3B;TBK1;PSMC4;CTH;PIK3R3;GTF2H1;PSME3;GMPS;IMMT;PSMD12;ACLY;PSMC2;GGA2;TCEA1;G6PD;SSR1;MCM2;SORD;TUBG1;RIT1;CD9;ACTR3;LDHA;NFKBIB;CANX;CCNF;ABCF2;LTA4H;SEC11A;ACTR2;AK4;UNG;MCM4;IGFBP5;PNO1;TRIB3;SLC2A1;ATP5MC1;POLR3G;ACSL3;ENO1;NIBAN1;PSMG1;BUB1;ATP2A2;BCAT1;RDH11;NMT1;WARS1;GSR;RPN1;USO1;PSPH;GBE1;PRDX1;EPRS1;HPRT1;EIF2S2;AURKA;SLC1A5;RAB1A;PGM1;HSPA4;PLK1;UBE2D3;HSPD1;TXNRD1;STIP1;PPIA;ETF1;IDH1;PLOD2
prerank,MSigDB_Hallmark_2020__KRAS Signaling Dn,0.245188,1.224645,0.09302326,0.2620897,0.41,23/90,11.54%,SGK1;DTNB;P2RX6;BTG2;ATP6V1B1;ZBTB16;NRIP2;NR4A2;CNTFR;ARPP21;RGS11;SPTBN2;MFSD6;CPEB3;GAMT;KCNMB1;SOX10;DLK2;MACROH2A2;SLC16A7;MYH7;GTF3C5;COQ8A
prerank,MSigDB_Hallmark_2020__Pancreas Beta Cells,0.3420294,1.223953,0.1784387,0.2263002,0.412,10/24,11.43%,SST;ABCC8;INSM1;PCSK2;DCX;PCSK1;PAK3;FOXO1;CHGA;NKX2-2
prerank,MSigDB_Hallmark_2020__UV Response Up,0.2365028,1.219133,0.05617978,0.2041554,0.423,27/138,12.74%,NFKBIA;RHOB;NR4A1;TST;CXCL2;FOS;JUNB;SPR;BID;CLTB;CNP;CDKN1C;BTG2;OLFM1;MAPK8IP2;ATF3;GRINA;BMP2;PLCL1;NPTX2;FOSB;CREG1;PPIF;PDLIM3;DNAJB1;PRPF3;HLA-F
prerank,MSigDB_Hallmark_2020__IL-6/JAK/STAT3 Signaling,0.2548139,1.162621,0.1627907,0.2733313,0.56,10/60,11.44%,CXCL3;CNTFR;JUN;MAP3K8;IL1B;SOCS3;IL17RA;EBI3;IL1R1;IL3RA
prerank,MSigDB_Hallmark_2020__Interferon Alpha Response,-0.2965386,-1.161237,0.2048055,0.312219,0.998,40/91,36.22%,ADAR;GBP4;MX1;CMPK2;CMTR1;OASL;EIF2AK2;PNPT1;ISG15;HERC6;IFI27;TDRD7;TRIM14;IFI44L;SAMD9;RSAD2;IFIH1;OAS1;NUB1;LPAR6;MOV10;PLSCR1;DDX60;WARS1;IFITM3;EPSTI1;HELZ2;TENT5A;CASP8;PARP14;PROCR;IFI44;SAMD9L;TRIM5;TRIM25;PARP9;RIPK2;TRIM26;IFITM1;BST2
prerank,MSigDB_Hallmark_2020__Estrogen Response Early,0.2180011,1.152054,0.1617647,0.2676784,0.591,28/158,12.01%,BAG1;STC2;HR;SLC19A2;FOS;KLF4;GFRA1;DHRS2;PLAAT3;NBL1;TPBG;OLFM1;SLC7A2;HSPB8;SEMA3B;TPD52L1;MINDY1;EGR3;LRIG1;WWC1;TIPARP;MYC;SCARB1;SYBU;PPIF;PDLIM3;RARA;B4GALT1
prerank,MSigDB_Hallmark_2020__Androgen Response,-0.2907065,-1.131746,0.2673493,0.3594503,1.0,31/88,25.66%,TPD52;PTPN21;ABHD2;RPS6KA3;SMS;AKT1;XRCC5;TMEM50A;VAPA;GNAI3;SORD;ITGAV;UBE2I;APPBP2;HERC3;MAF;LMAN1;ACTN1;HOMER2;SLC38A2;NGLY1;ACSL3;PGM3;ABCC4;PIAS1;TNFAIP8;CAMKK2;GSR;ZBTB10;PTK2B;HSD17B14
prerank,MSigDB_Hallmark_2020__Glycolysis,-0.2588411,-1.083937,0.3177874,0.4576408,1.0,77/171,38.41%,SOX9;GYS1;COPB2;EFNA3;PAM;MDH1;GALE;GOT2;SDHC;AGL;NANP;SLC35A3;HS2ST1;PSMC4;CTH;RPE;G6PD;B4GALT2;B3GALT6;EGFR;HOMER1;MDH2;LDHA;EXT2;GPC1;GPC4;AK4;MPI;NDUFV3;DLD;GNPDA1;COG2;PDK3;PLOD1;UGP2;GALK2;STMN1;PRPS1;ENO1;ARPP19;PAXIP1;CENPA;SLC25A10;EXT1;COL5A1;NASP;CYB5A;KIF2A;AURKA;POLR3K;GLCE;AKR1A1;DCN;ANG;BPNT1;NT5E;PPIA;ZNF292;IDH1;PLOD2;PMM2;CHST12;PGM2;CLN6;FAM162A;CASP6;KDELR3;CHST2;MED24;GFPT1;SLC37A4;RARS1;PPP2CB;PGK1;GUSB;GMPPA;CDK1
prerank,MSigDB_Hallmark_2020__KRAS Signaling Up,0.1890123,1.032183,0.3466667,0.5513345,0.859,34/159,14.68%,ANGPTL4;USH1C;KLF4;MAP7;TMEM176B;TMEM100;TMEM176A;GUCY1A1;ADAM8;EPB41L3;RABGAP1L;ANKH;SEMA3B;BMP2;HBEGF;KIF5C;IL1B;PLVAP;IGF2;VWA5A;GPRC5B;GABRA3;SCG5;SPP1;RGS16;APOD;HSD11B1;HKDC1;SLPI;GFPT2;LY96;TMEM158;TRAF1;CXCR4
prerank,MSigDB_Hallmark_2020__Estrogen Response Late,0.1907757,1.000238,0.5,0.6036736,0.909,24/155,11.80%,BAG1;TST;HR;FOS;SGK1;ZFP36;KLF4;DHRS2;PLAAT3;NBL1;TPBG;DNAJC12;OLFM1;HSPB8;SEMA3B;TPD52L1;EGR3;SCUBE2;IGSF1;SCARB1;DUSP2;MDK;PPIF;PDLIM3
prerank,MSigDB_Hallmark_2020__Allograft Rejection,-0.2386697,-0.982301,0.515847,0.7021289,1.0,36/129,29.39%,GLMN;TPD52;NCK1;HIF1A;F2R;HDAC9;UBE2N;NOS2;RPS19;GALNT1;TRAF2;AKT1;CDKN2A;EIF3J;EIF4G3;ABCE1;EGFR;MTIF2;TGFB2;HLA-DQA1;BCL10;DARS1;ABI1;FLNA;JAK2;CCND2;BCAT1;WARS1;MRPL3;BRCA1;SOCS5;CSK;IL16;HLA-DOA;INHBB;ELF4
prerank,MSigDB_Hallmark_2020__Interferon Gamma Response,-0.2247192,-0.9446396,0.6318036,0.7725281,1.0,52/170,32.79%,ADAR;PSMB2;GBP4;ZNFX1;HIF1A;MX1;OAS2;XAF1;CMPK2;CMTR1;OASL;EIF2AK2;UPP1;PNPT1;ISG15;HERC6;CFH;OAS3;BPGM;TNFSF10;IFI27;TDRD7;TRIM14;SPPL2A;IFI44L;HLA-DQA1;TOR1B;RSAD2;IFIH1;RIPK1;SRI;MX2;JAK2;PLSCR1;DDX60;WARS1;LATS2;IFITM3;VCAM1;EPSTI1;HELZ2;NOD1;NCOA3;CASP8;SAMHD1;PARP14;NUP93;IFI44;TNFAIP6;SAMD9L;AUTS2;TRIM25
prerank,MSigDB_Hallmark_2020__Hedgehog Signaling,0.2420255,0.9375603,0.6068376,0.7680356,0.964,10/30,20.59%,L1CAM;CNTFR;SCG2;CRMP1;THY1;SLIT1;VLDLR;PML;NRCAM;RTN1
prerank,MSigDB_Hallmark_2020__Apical Surface,0.2235572,0.8630407,0.7095588,0.9202736,0.988,6/28,12.38%,AFAP1L2;MAL;SULF2;SRPX;B4GALT1;THY1
prerank,MSigDB_Hallmark_2020__IL-2/STAT5 Signaling,0.1575833,0.8574552,0.8548387,0.8699067,0.988,47/161,23.16%,GADD45B;RHOB;SELL;CAPN3;GSTO1;CDKN1C;APLP1;RABGAP1L;PTH1R;MAFF;MAP3K8;NDRG1;CD81;BMP2;LRIG1;PTRH2;SLC29A2;PRNP;MYC;AHR;SPP1;IL3RA;RGS16;PHLDA1;TRAF1;SLC2A3;IL4R;DENND5A;PLIN2;AGER;NFIL3;NFKBIZ;SNX14;XBP1;HIPK2;MXD1;MAPKAPK2;CD83;TNFRSF1B;SOCS1;KLF6;RNH1;GABARAPL1;SH3BGRL2;TGM2;SYNGR2;IFNGR1
prerank,MSigDB_Hallmark_2020__Apical Junction,-0.2005783,-0.8493852,0.7817204,0.9662298,1.0,53/165,32.42%,CRAT;ACTN4;MAPK14;AKT2;VWF;PIK3R3;CDH11;CTNND1;RASA1;CAP1;ADAM23;TUBG1;YWHAH;EGFR;EXOC4;DLG1;MYH10;PLCG1;WASL;PIK3CB;CD34;ACTN1;SHC1;VCL;SYMPK;CDH4;AMIGO1;RHOF;ITGB1;INPPL1;TNFRSF11B;ADAM9;ITGA10;THBS3;JUP;FSCN1;VCAM1;ARHGEF6;MPZL1;PECAM1;RRAS;CNN2;HADH;MYL12B;CNTN1;ARPC2;MSN;VASP;ACTG2;MYH9;FBN1;TAOK2;ITGB4
prerank,MSigDB_Hallmark_2020__Complement,-0.1907513,-0.8043362,0.8653017,1.0,1.0,46/158,33.76%,USP8;PPP4C;ERAP2;CALM3;F8;USP14;CALM1;CFH;RAF1;USP16;GNAI3;DGKH;RNF4;CASP9;DOCK4;CASP10;PREP;AKAP10;LTA4H;GNB4;DYRK2;GPD2;RABIF;JAK2;TIMP2;PLSCR1;CBLB;ADAM9;PLAT;PRDM4;PRCP;PRKCD;COL4A2;DUSP6;KIF2A;FN1;LGALS3;PIK3CA;ANG;PRSS36;LAMP2;ZEB1;CD46;PCLO;PDP1;GNB2
prerank,MSigDB_Hallmark_2020__Reactive Oxygen Species Pathway,-0.2236969,-0.7937823,0.8046398,0.9997619,1.0,15/46,28.16%,ERCC2;G6PD;SCAF4;PRDX6;LAMTOR5;GCLM;PRDX2;OXSR1;HHEX;EGLN2;GPX4;GSR;PRDX1;GLRX2;CDKN2D
prerank,MSigDB_Hallmark_2020__Cholesterol Homeostasis,0.1641622,0.783522,0.9272727,0.9177958,0.994,16/70,19.66%,MVK;ABCA2;ATF3;LDLR;STARD4;SEMA3B;MVD;SCD;PMVK;IDI1;CBS;FASN;NFIL3;SREBF2;GNAI1;FDFT1
prerank,MSigDB_Hallmark_2020__Apoptosis,-0.1842293,-0.7594998,0.9142237,1.0,1.0,49/142,32.47%,PLPPR4;F2R;CTH;DAP;ROCK1;ANXA1;PPP3R1;APP;DAP3;PPT1;CASP9;SLC20A1;TNFSF10;WEE1;PSEN2;BNIP3L;CDK2;TGFB2;DFFA;EMP1;PMAIP1;DPYD;BCL10;PAK1;CCND2;TIMP2;CTNNB1;ERBB2;PLAT;GPX4;BAX;CREBBP;GSR;CASP2;IFITM3;BRCA1;BMF;LEF1;RELA;LGALS3;CASP8;BTG3;IGF2R;BCAP31;DCN;RETSAT;CAV1;IGFBP6;ETF1
prerank,MSigDB_Hallmark_2020__Xenobiotic Metabolism,-0.1798924,-0.7411487,0.9475983,1.0,1.0,36/150,25.78%,CROT;BPHL;AP4B1;CDO1;GART;MTHFD1;MCCC2;PGD;UPP1;GSTM4;ECH1;ENTPD5;ACOX1;LPIN2;NFS1;ALAS1;SLC35D1;BLVRB;TGFB2;SSR3;MARCHF6;PPARD;KARS1;ID2;ADH5;TMBIM6;SLC35B1;APOE;TKFC;ATP2A2;ARPP19;BCAT1;NMT1;GSR;JUP;ACP1
prerank,MSigDB_Hallmark_2020__Wnt-beta Catenin Signaling,-0.2134022,-0.7250493,0.8721519,0.9908383,1.0,18/38,37.19%,JAG1;SKP2;PSEN2;NCSTN;PPARD;CUL1;NOTCH1;ADAM17;CCND2;CTNNB1;NUMB;FZD1;LEF1;HDAC2;MAML1;TP53;DVL2;FZD8
prerank,MSigDB_Hallmark_2020__Epithelial Mesenchymal Transition,-0.1726091,-0.7233351,0.9570354,0.962458,1.0,56/172,32.98%,COPA;NOTCH2;PTHLH;CDH2;PVR;LAMA2;GPX7;CDH11;VIM;OXTR;ITGAV;GJA1;CALU;ECM2;GPC1;PRRX1;GAS1;FBN2;SLC6A8;CADM1;COL8A2;ID2;COL11A1;PLOD1;CAP2;FUCA1;FLNA;ITGB1;ECM1;TNFRSF11B;LOX;FMOD;NNMT;COL4A2;COL5A2;MATN3;SGCB;FSTL1;COL5A1;CALD1;IGFBP2;VCAM1;SNTB1;FN1;LAMC1;DCN;LOXL2;EMP3;COL4A1;FERMT2;FBN1;PFN2;NT5E;ITGB5;MATN2;PLOD2
prerank,MSigDB_Hallmark_2020__Coagulation,-0.1670453,-0.6542237,0.9727891,0.9771281,1.0,24/89,31.61%,PEF1;GNG12;VWF;F8;ANXA1;CFH;CASP9;CD9;PREP;LTA4H;RABIF;ISCU;RAC1;ADAM9;PLAT;LEFTY2;DUSP6;PECAM1;FN1;DUSP14;CRIP2;ANG;LAMP2;FBN1
